pattern,is_exact
%%,0
%%%,0
%%5483525%%,0
%%IS DON%%,0
%%SIN %S%%,0
%%TUN CIR%%,0
%43%159%1%%,0
%43%15911%%,0
%4361%161%%,0
%80%471%%%%,0
%80%471%6%%,0
%8061%227%%,0
%ADIM %%,0
%ARATSH%%%%,0
%ARK%%,0
%C%A UYA%%,0
%ED-I UL%%,0
%EDU%A BL%%,0
%EFT FUA%%,0
%EO% RE%%,0
%ETVIZY%%,0
%EVINC KU%%,0
%FI%GI%%,0
%INAV KU%%,0
%ND%%MCAD%%,0
%NGLISHTI%%,0
%NTERAKT%%,0
%OLAR%%,0
%RS%%,0
%URKAY IN%%,0
%V%FIB%RN%%,0
+%%%2121%6%%,0
+%%06636%%%%,0
+%%123%9032%%,0
+%%145%324%%,0
+%%212%%%%6%%,0
+%%212%%8%%%%,0
+%%212%2%%3%%,0
+%%212%3538%%,0
+%%212%422%%%,0
+%%212%45%2%%,0
+%%212%45%8%%,0
+%%212%4584%%,0
+%%212%5267%%,0
+%%212%62%%%%,0
+%%212%64%5%%,0
+%%212%66%3%%,0
+%%212%7%78%%,0
+%%212267%8%%,0
+%%21231332%%,0
+%%21234%%2%%,0
+%%21234%55%%,0
+%%21238173%%,0
+%%212657%%%%,0
+%%2127%4%%%%,0
+%%21282422%%,0
+%%21282424%%,0
+%%21624%%2%%,0
+%%21624%%3%%,0
+%%21624%%8%%,0
+%%21624%1%%%,0
+%%21633411%%,0
+%%21638821%%,0
+%%2165%5%%%%,0
+%%21655%8%%%,0
+%%232215%6%%,0
+%%232287%1%%,0
+%%2323%3%%%%,0
+%%232335%5%%,0
+%%23233516%%,0
+%%232355%6%%,0
+%%232455%1%%,0
+%%232455%2%%,0
+%%232455%5%%,0
+%%232455%8%%,0
+%%23245514%%,0
+%%23252%41%%,0
+%%256234%7%%,0
+%%26623811%%,0
+%%312%6%81%%,0
+%%312385%%%%,0
+%%5%1%156%%,0
+%%5%172158%%,0
+%%5213%25%%,0
+%%53%33455%%,0
+%%5321116%%%,0
+%%533%524%%%,0
+%%534%45%4%%,0
+%%535%4184%%,0
+%%53641%4%%%,0
+%%53641%41%%,0
+%%54%3%1%2%%,0
+%%54%3%832%%,0
+%%54%52152%%,0
+%%54%68%2%%%,0
+%%54%83316%%,0
+%%54128%46%%,0
+%%54128%68%%,0
+%%54251%63%%,0
+%%54285%41%%,0
+%%54345125%%,0
+%%54364285%%,0
+%%54527%23%%,0
+%%54538%13%%,0
+%%54646835%%,0
+%%5465%%%6%%,0
+%%54884%12%%,0
+%%552%1%53%%,0
+%%552%14%7%%,0
+%%552%1581%%,0
+%%552%1784%%,0
+%%552%2%38%%,0
+%%55271%85%%,0
+%%6144651%%,0
+%%786006%0%%,0
+%%786006%2%%,0
+%%790%7069%%,0
+%%85%24%%3%%,0
+%%85%241%5%%,0
+%%85%473%8%%,0
+%%85%48%%5%%,0
+%%85%48%%6%%,0
+%%85%48%67%%,0
+%%85%5331%%%,0
+%%85%586%1%%,0
+%0%%%0%%%,0
+%0%%%08246%%,0
+%0%%2%4178%%,0
+%0%%202%1%%%,0
+%0%%202%10%%,0
+%0%%202%8%%%,0
+%0%%23%%76%%,0
+%0%1%%0010%%,0
+%0%1%%08%8%%,0
+%0%1%%0810%%,0
+%0%1%%1%00%%,0
+%0%1%%3%43%%,0
+%0%1%%31%3%%,0
+%0%1%%315%%%,0
+%0%1%%3538%%,0
+%0%1%%4501%%,0
+%0%1%%4580%%,0
+%0%1%%640%%%,0
+%0%1%%6600%%,0
+%0%1%%6605%%,0
+%0%1%%7%06%%,0
+%0%1%%75%0%%,0
+%0%1%%8%53%%,0
+%0%1%340%%%%,0
+%0%1%34746%%,0
+%0%1%38164%%,0
+%0%1%38165%%,0
+%0%1%7000%%%,0
+%0%1%70501%%,0
+%0%12%0508%%,0
+%0%125242%%%,0
+%0%1252422%%,0
+%0%16%%%%6%%,0
+%0%16%%810%%,0
+%0%16%4001%%,0
+%0%16%4007%%,0
+%0%16%4010%%,0
+%0%16%565%%%,0
+%0%16%6671%%,0
+%0%16%880%%%,0
+%0%164838%%%,0
+%0%16547%8%%,0
+%0%1661331%%,0
+%0%1670606%%,0
+%0%3%%4%00%%,0
+%0%3%%4115%%,0
+%0%3%4550%%%,0
+%0%3%45500%%,0
+%0%3%45501%%,0
+%0%3%45508%%,0
+%0%3%45514%%,0
+%0%3%777%0%%,0
+%0%3%777%7%%,0
+%0%34%0%76%%,0
+%0%34%0376%%,0
+%0%34%4%0%%%,0
+%0%3627227%%,0
+%0%364103%%%,0
+%0%4%61703%%,0
+%0%422%087%%,0
+%0%428%0%4%%,0
+%0%428%007%%,0
+%0%428%04%%%,0
+%0%4883%27%%,0
+%0%4883021%%,0
+%0%48842%1%%,0
+%0%48844%0%%,0
+%0%48863%3%%,0
+%0%48884%1%%,0
+%0%5025512%%,0
+%0%5027001%%,0
+%0%5027404%%,0
+%0%504%016%%,0
+%0%504%030%%,0
+%0%5047100%%,0
+%0%5047311%%,0
+%0%5052050%%,0
+%0%5077702%%,0
+%02%2%%51%%%,0
+%02%2%%518%%,0
+%02%2%00%0%%,0
+%02%2%07%2%%,0
+%02%2%0703%%,0
+%02%2%2%05%%,0
+%02%2%2003%%,0
+%02%2%3%78%%,0
+%02%2%3%86%%,0
+%02%2%353%%%,0
+%02%2%3538%%,0
+%02%2%4457%%,0
+%02%2%45%5%%,0
+%02%2%45%8%%,0
+%02%2%4505%%,0
+%02%2%6333%%,0
+%02%2%640%%%,0
+%02%2%6400%%,0
+%02%225474%%,0
+%02%23%%08%%,0
+%02%23%332%%,0
+%02%245501%%,0
+%02%245514%%,0
+%02%246660%%,0
+%02%250%27%%,0
+%02%25200%%%,0
+%02%252001%%,0
+%02%252035%%,0
+%02%27000%%%,0
+%02%6%%2%3%%,0
+%02%6%0020%%,0
+%02%6%3%36%%,0
+%02%6%6%%%%%,0
+%02%6%88%6%%,0
+%02%6%8864%%,0
+%02%62340%%%,0
+%02%623705%%,0
+%02%6240%0%%,0
+%02%624008%%,0
+%02%626603%%,0
+%02%64838%%%,0
+%02%65%523%%,0
+%02%654252%%,0
+%02%654728%%,0
+%021%%%%14%%,0
+%021%%0%03%%,0
+%021%%0%3%%%,0
+%021%%0%50%%,0
+%021%%0807%%,0
+%021%%710%%%,0
+%021%%8134%%,0
+%021%21700%%,0
+%021%2275%%%,0
+%021%2400%%%,0
+%021%25%50%%,0
+%021%25%55%%,0
+%021%25013%%,0
+%021%25113%%,0
+%021%445%0%%,0
+%021%54728%%,0
+%0212%%%0%%%,0
+%0212%%%05%%,0
+%0212%%000%%,0
+%0212%%1%5%%,0
+%0212%%111%%,0
+%0212%%377%%,0
+%0212%%5%3%%,0
+%0212%%500%%,0
+%0212%%520%%,0
+%0212%%522%%,0
+%0212%%60%%%,0
+%0212%%753%%,0
+%0212%0%06%%,0
+%0212%0%13%%,0
+%0212%0%25%%,0
+%0212%0010%%,0
+%0212%040%%%,0
+%0212%060%%%,0
+%0212%0700%%,0
+%0212%0701%%,0
+%0212%0706%%,0
+%0212%0712%%,0
+%0212%0801%%,0
+%0212%0802%%,0
+%0212%0825%%,0
+%0212%0828%%,0
+%0212%1%00%%,0
+%0212%1613%%,0
+%0212%1802%%,0
+%0212%2%04%%,0
+%0212%2%05%%,0
+%0212%2%06%%,0
+%0212%2%2%%%,0
+%0212%2004%%,0
+%0212%2005%%,0
+%0212%2424%%,0
+%0212%3%03%%,0
+%0212%3%05%%,0
+%0212%3%06%%,0
+%0212%3%70%%,0
+%0212%3%80%%,0
+%0212%31%2%%,0
+%0212%31%4%%,0
+%0212%31%7%%,0
+%0212%3530%%,0
+%0212%3536%%,0
+%0212%4%%%%%,0
+%0212%4%%1%%,0
+%0212%4%%6%%,0
+%0212%4%71%%,0
+%0212%4%84%%,0
+%0212%40%2%%,0
+%0212%42%2%%,0
+%0212%4233%%,0
+%0212%45%%%%,0
+%0212%45%3%%,0
+%0212%45%7%%,0
+%0212%45%8%%,0
+%0212%4500%%,0
+%0212%4511%%,0
+%0212%4515%%,0
+%0212%4516%%,0
+%0212%452%%%,0
+%0212%4522%%,0
+%0212%4550%%,0
+%0212%4585%%,0
+%0212%4586%%,0
+%0212%4588%%,0
+%0212%620%%%,0
+%0212%6355%%,0
+%0212%6402%%,0
+%0212%6603%%,0
+%0212%6606%%,0
+%0212%7%20%%,0
+%0212%7504%%,0
+%0212%7520%%,0
+%0212%811%%%,0
+%0212%8601%%,0
+%0212%8802%%,0
+%0212%8803%%,0
+%0212225%5%%,0
+%021223730%%,0
+%021226600%%,0
+%021226688%%,0
+%021226750%%,0
+%021227%%5%%,0
+%021227272%%,0
+%02123%164%%,0
+%021231802%%,0
+%021233%%%%%,0
+%021238173%%,0
+%021240104%%,0
+%021240181%%,0
+%021240301%%,0
+%021240315%%,0
+%021244612%%,0
+%021246110%%,0
+%02125%400%%,0
+%021256500%%,0
+%021261000%%,0
+%021266716%%,0
+%021270%01%%,0
+%02127000%%%,0
+%02127001%%%,0
+%0212702%%%%,0
+%021270334%%,0
+%02127050%%%,0
+%021270501%%,0
+%021270602%%,0
+%02127067%%%,0
+%021270671%%,0
+%0212708%%%%,0
+%0212708%4%%,0
+%021280501%%,0
+%02128242%%%,0
+%021282424%%,0
+%021282446%%,0
+%021285%26%%,0
+%0216%%%61%%,0
+%0216%0%03%%,0
+%0216%1213%%,0
+%0216%1214%%,0
+%0216%3%34%%,0
+%0216%4728%%,0
+%0216%6%21%%,0
+%0216%6%6%%%,0
+%0216%882%%%,0
+%0216%8861%%,0
+%0216%8864%%,0
+%02162%00%%%,0
+%02162%003%%,0
+%02162%010%%,0
+%02162%106%%,0
+%02162%400%%,0
+%021621%00%%,0
+%02162100%%%,0
+%021621000%%,0
+%021621002%%,0
+%02162101%%%,0
+%0216212%4%%,0
+%02162120%%%,0
+%021622%46%%,0
+%021622%54%%,0
+%021622%56%%,0
+%0216225%2%%,0
+%0216227%%%%,0
+%021622707%%,0
+%021624000%%,0
+%021624003%%,0
+%021624008%%,0
+%021624010%%,0
+%021625105%%,0
+%021625110%%,0
+%021625656%%,0
+%021626605%%,0
+%021626607%%,0
+%021642422%%,0
+%02165%620%%,0
+%021654%28%%,0
+%02165774%%%,0
+%021668134%%,0
+%021670614%%,0
+%021670634%%,0
+%021670636%%,0
+%022%25656%%,0
+%022220500%%,0
+%0224%0%01%%,0
+%02245%210%%,0
+%02282181%%%,0
+%0232%%%08%%,0
+%0232%00%%%%,0
+%0232%0011%%,0
+%0232%3508%%,0
+%0232%5500%%,0
+%0232%5501%%,0
+%0232%5502%%,0
+%0232%5508%%,0
+%0232%6603%%,0
+%023230703%%,0
+%02323350%%%,0
+%02323351%%%,0
+%023233515%%,0
+%023235506%%,0
+%02324%%01%%,0
+%02324%%02%%,0
+%02324%%14%%,0
+%0232455%4%%,0
+%02324550%%%,0
+%023245502%%,0
+%023245505%%,0
+%023245511%%,0
+%023245514%%,0
+%023247%01%%,0
+%023248004%%,0
+%02325203%%%,0
+%02422%200%%,0
+%024620227%%,0
+%02562340%%%,0
+%0256320%2%%,0
+%0262242%%%%,0
+%03%%4%%87%%,0
+%03%2%00%%%%,0
+%03%2%00%2%%,0
+%03%252425%%,0
+%031%%001%%%,0
+%0312%%%52%%,0
+%0312%0011%%,0
+%0312%0012%%,0
+%0312%0551%%,0
+%0312%242%%%,0
+%0312%504%%%,0
+%0312%6%81%%,0
+%031242246%%,0
+%031251%1%%%,0
+%031252423%%,0
+%031266631%%,0
+%031268%01%%,0
+%031275008%%,0
+%031280%02%%,0
+%0322%%%04%%,0
+%0322%%%15%%,0
+%032242255%%,0
+%0332%%%1%%%,0
+%034421310%%,0
+%03562%%%0%%,0
+%0366%%%%6%%,0
+%0434%%%12%%,0
+%04443%%%,0
+%044463%%,0
+%05%%%%451%%,0
+%05%%3%667%%,0
+%05%%826%3%%,0
+%05%%83%05%%,0
+%05%002588%%,0
+%05%1260%%%%,0
+%05%253181%%,0
+%05%285026%%,0
+%05%285056%%,0
+%05%33%%0%%%,0
+%05%36%5%3%%,0
+%05%4%450%%%,0
+%05%4%4505%%,0
+%05%44%517%%,0
+%05%524787%%,0
+%05%564157%%,0
+%05%656675%%,0
+%05%66%285%%,0
+%05%7%71%1%%,0
+%05%74%452%%,0
+%050%%0%78%%,0
+%050%46230%%,0
+%0501%2108%%,0
+%050102588%%,0
+%050142%62%%,0
+%050148%67%%,0
+%050184538%%,0
+%050611715%%,0
+%05074460%%%,0
+%053%%%50%%%,0
+%053%%%8%1%%,0
+%053%%3285%%,0
+%053%13431%%,0
+%053%22200%%,0
+%053%4103%%%,0
+%053%41040%%,0
+%053%55172%%,0
+%053%77757%%,0
+%053%77871%%,0
+%053%88422%%,0
+%05313%668%%,0
+%053146%34%%,0
+%053163073%%,0
+%053163074%%,0
+%053225305%%,0
+%053303%44%%,0
+%053320304%%,0
+%05333%%05%%,0
+%053338805%%,0
+%05337%708%%,0
+%0534%4042%%,0
+%0534%4503%%,0
+%0534%4504%%,0
+%0534264%%%%,0
+%05343463%%%,0
+%0534503%6%%,0
+%053450376%%,0
+%053474038%%,0
+%053474043%%,0
+%0535%%180%%,0
+%0535%4174%%,0
+%0535%7366%%,0
+%053524%88%%,0
+%053525048%%,0
+%0535288%4%%,0
+%053566447%%,0
+%0536%10%0%%,0
+%053602646%%,0
+%05364103%%%,0
+%053641038%%,0
+%053641040%%,0
+%053676743%%,0
+%05372%%4%%%,0
+%05380%5%5%%,0
+%05380823%%%,0
+%053854254%%,0
+%054%%4405%%,0
+%054%%501%%%,0
+%054%%5365%%,0
+%054%%8%20%%,0
+%054%22004%%,0
+%054%3307%%%,0
+%054%34%0%%%,0
+%054%4%054%%,0
+%054%61763%%,0
+%054%65548%%,0
+%054%68752%%,0
+%054%82083%%,0
+%054%83405%%,0
+%054%8874%%%,0
+%0541%1740%%,0
+%0541%4052%%,0
+%054123021%%,0
+%0542%5056%%,0
+%054213830%%,0
+%054223%7%%%,0
+%054224052%%,0
+%05423%135%%,0
+%054232556%%,0
+%054243000%%,0
+%05426%453%%,0
+%054261436%%,0
+%054262%3%%%,0
+%054262%5%%%,0
+%054268%82%%,0
+%054285%%7%%,0
+%0542850%5%%,0
+%05428502%%%,0
+%054285042%%,0
+%054285045%%,0
+%054285053%%,0
+%054285056%%,0
+%054285108%%,0
+%054285131%%,0
+%05428540%%%,0
+%054285651%%,0
+%054285750%%,0
+%054287384%%,0
+%054288%51%%,0
+%054288327%%,0
+%054288404%%,0
+%0542885%4%%,0
+%0542886%%%%,0
+%0542886%2%%,0
+%0542886%4%%,0
+%0542886%6%%,0
+%0542886%7%%,0
+%05428860%%%,0
+%05428862%%%,0
+%054288620%%,0
+%054288622%%,0
+%054288624%%,0
+%054288626%%,0
+%054288630%%,0
+%054288703%%,0
+%054288704%%,0
+%054288706%%,0
+%054288722%%,0
+%054288723%%,0
+%0543%8053%%,0
+%054330101%%,0
+%054336165%%,0
+%05434%005%%,0
+%054348027%%,0
+%05435%03%%%,0
+%054357015%%,0
+%05437%%12%%,0
+%054381032%%,0
+%05443%714%%,0
+%05443010%%%,0
+%054435045%%,0
+%054438%01%%,0
+%054445087%%,0
+%054447775%%,0
+%054526008%%,0
+%054534%%1%%,0
+%054535110%%,0
+%054536034%%,0
+%054537277%%,0
+%05488%%%8%%,0
+%05488%%05%%,0
+%05488%%36%%,0
+%05488%046%%,0
+%054883043%%,0
+%054884%%1%%,0
+%054884101%%,0
+%0548842%2%%,0
+%054884454%%,0
+%054884475%%,0
+%054884804%%,0
+%054886284%%,0
+%0548876%5%%,0
+%055%3%8%4%%,0
+%055%3%874%%,0
+%0552%%%68%%,0
+%0552%40%1%%,0
+%05520%270%%,0
+%0552011%8%%,0
+%055201272%%,0
+%05520225%%%,0
+%05523%%57%%,0
+%05523%871%%,0
+%055241642%%,0
+%055241650%%,0
+%0552472%2%%,0
+%055282%16%%,0
+%0553%7262%%,0
+%0553017%0%%,0
+%0555%548%%%,0
+%055508218%%,0
+%055508232%%,0
+%055508241%%,0
+%055575%30%%,0
+%0555754%8%%,0
+%055588154%%,0
+%08%0%0012%%,0
+%08%0%3274%%,0
+%08%03%061%%,0
+%08%046623%%,0
+%08%047301%%,0
+%0850%%018%%,0
+%0850%%061%%,0
+%0850%0020%%,0
+%0850%41%3%%,0
+%0850%5%5%%%,0
+%0850%5508%%,0
+%0850%7404%%,0
+%0850%7518%%,0
+%0850%7812%%,0
+%0850%8%15%%,0
+%0850%8%16%%,0
+%0850%80%7%%,0
+%0850%808%%%,0
+%08502%176%%,0
+%0850223%5%%,0
+%085024%77%%,0
+%085024111%%,0
+%08502418%%%,0
+%085025252%%,0
+%085027%03%%,0
+%085027007%%,0
+%08502740%%%,0
+%0850275%7%%,0
+%08502751%%%,0
+%085027518%%,0
+%08503%06%%%,0
+%085030220%%,0
+%085042035%%,0
+%0850480%2%%,0
+%0850480%3%%,0
+%0850480%5%%,0
+%08504800%%%,0
+%085048003%%,0
+%085048024%%,0
+%085048033%%,0
+%085048036%%,0
+%085048062%%,0
+%085048077%%,0
+%085048302%%,0
+%0850484%3%%,0
+%0850484%8%%,0
+%085048403%%,0
+%085048405%%,0
+%085048406%%,0
+%08504841%%%,0
+%085048411%%,0
+%085048415%%,0
+%08505%%12%%,0
+%08505%1%8%%,0
+%08505%10%%%,0
+%08505%255%%,0
+%08505%507%%,0
+%085050261%%,0
+%08505200%%%,0
+%085052008%%,0
+%085052052%%,0
+%085053%%6%%,0
+%0850532%8%%,0
+%08505323%%%,0
+%085053257%%,0
+%085053262%%,0
+%085053272%%,0
+%085053303%%,0
+%085053310%%,0
+%085055446%%,0
+%085055707%%,0
+%085055708%%,0
+%085056005%%,0
+%085056007%%,0
+%085058600%%,0
+%085058601%%,0
+%085058603%%,0
+%085067812%%,0
+%08507%%17%%,0
+%0850701%5%%,0
+%0850701%8%%,0
+%085070122%%,0
+%085071101%%,0
+%08507113%%%,0
+%08508408%%%,0
+%085088%0%%%,0
+%08508860%%%,0
+%1662457%%,0
+%2816259%%,0
+%2926951%%,0
+%43359%1%%,0
+%542886%2%%,0
+%614%6324%%,0
+%63%%1%53%%,0
+2%%72120%%%,0
+2%3%%203%%,0
+2%3%5368%%,0
+2%34212%3%%,0
+2%34214%3%%,0
+2%352%203%%,0
+24%45921%%,0
+243%53%8%%,0
+243%5368%%,0
+2432592%%%,0
+2436%921%%,0
+24395921%%,0
+26%%21%5%%%,0
+26%4211%%%%,0
+26%4212%%%%,0
+263%1459%%,0
+263%2%%53%%,0
+263%21%53%%,0
+263%212%3%%,0
+2634212%3%%,0
+3%%444%51%%,0
+3%3353%%%%%,0
+3%6%4465%%,0
+316123456%%,0
+32926951%%,0
+37%8%%%51%%,0
+4%%7%3%5533%%,0
+4%151425402%%,0
+4%176340213%%,0
+44%2%362%%%,0
+44%213%2%%%,0
+44%423%858%%,0
+44%8600641%%,0
+441%057106%%,0
+441%135477%%,0
+4412057106%%,0
+441212840%%%,0
+4412349032%%,0
+441613549%%%,0
+4416173817%%,0
+44186%68%1%%,0
+442%346827%%,0
+442%351946%%,0
+44203%%30%%%,0
+44203468%%%%,0
+442039745%%%,0
+4432926951%%,0
+4473%2%421%%,0
+44734078%5%%,0
+4475517559%%,0
+447585544%%%,0
+4478%00%41%%,0
+44786%%412%%,0
+49%5%59%3%7%%,0
+491%1%%79%6%%,0
+491515%%%9%%%,0
+6%5179685%%,0
+6%653%%%%%%,0
+6325%7154%%,0
+63741%631%%,0
+663251359%%,0
+667896%24%%,0
+7%066%6%7%%,0
+7%06636%7%%,0
+9%%%%%82%9%%,0
+9%%%2%2%%4%%,0
+9%%%2%34%%,0
+9%%%291%81%%,0
+9%%%433418%%,0
+9%%%798%49%%,0
+9%%1%%4364%%,0
+9%%1%34955%%,0
+9%%1%47%%%%%,0
+9%%1%54715%%,0
+9%%1%59%%%%%,0
+9%%1%7%4%9%%,0
+9%%1%8%449%%,0
+9%%1%9%%%5%%,0
+9%%1%91%%%%%,0
+9%%1%93195%%,0
+9%%1%93966%%,0
+9%%1%945%3%%,0
+9%%1%94543%%,0
+9%%1%94598%%,0
+9%%1%964%1%%,0
+9%%1%97996%%,0
+9%%1%986%%%%,0
+9%%1%986%3%%,0
+9%%12%%%1%%%,0
+9%%125242%%%,0
+9%%1252422%%,0
+9%%129%92%%%,0
+9%%16%%815%%,0
+9%%16%17%%%%,0
+9%%16%3%3%%%,0
+9%%16%4%%9%%,0
+9%%16%4%1%%%,0
+9%%16%5%78%%,0
+9%%1638%58%%,0
+9%%165933%%%,0
+9%%1661331%%,0
+9%%167%637%%,0
+9%%1693998%%,0
+9%%169995%%%,0
+9%%1699956%%,0
+9%%22%4214%%,0
+9%%24482%%%%,0
+9%%3%%4%%7%%,0
+9%%3%%87%%%%,0
+9%%3%3%7%1%%,0
+9%%3%33514%%,0
+9%%3%355%6%%,0
+9%%3%455%%%%,0
+9%%3%455%5%%,0
+9%%3%455%8%%,0
+9%%3%97367%%,0
+9%%3146943%%,0
+9%%33388%8%%,0
+9%%3641%4%%%,0
+9%%38%8282%%,0
+9%%391%298%%,0
+9%%3977%%%%%,0
+9%%3988423%%,0
+9%%424%148%%,0
+9%%42619%8%%,0
+9%%4328%49%%,0
+9%%4369%3%%%,0
+9%%446%14%%%,0
+9%%45%324%%,0
+9%%48829%6%%,0
+9%%4886186%%,0
+9%%4886212%%,0
+9%%4962%%2%%,0
+9%%5%222%%%%,0
+9%%5%4%%5%%%,0
+9%%5%4%417%%,0
+9%%5%52%%9%%,0
+9%%5%53274%%,0
+9%%66%3818%%,0
+9%%6671811%%,0
+9%1%5%32%%%,0
+9%14%%324%%,0
+9%145%3%4%%,0
+9%145%324%%,0
+9%2%2%55%6%%,0
+9%2%238%73%%,0
+9%2%24%3%7%%,0
+9%2%2455%%%%,0
+9%2%2455%5%%,0
+9%2%2455%8%%,0
+9%2%27%62%%%,0
+9%2%27%895%%,0
+9%2%27%993%%,0
+9%2%292%%7%%,0
+9%2%2939%6%%,0
+9%2%294538%%,0
+9%2%294543%%,0
+9%2%294565%%,0
+9%2%294596%%,0
+9%2%294598%%,0
+9%2%295267%%,0
+9%2%2963%9%%,0
+9%2%2975%8%%,0
+9%2%2988%6%%,0
+9%2%299%%6%%,0
+9%2%626667%%,0
+9%2%64%52%%%,0
+9%2%654728%%,0
+9%2%6558%%%%,0
+9%2%65874%%%,0
+9%2%67%657%%,0
+9%21%22%23%%,0
+9%21%22599%%,0
+9%21%2275%%%,0
+9%21%24%%%%%,0
+9%21%24%%8%%,0
+9%21%54252%%,0
+9%21%54728%%,0
+9%21%9121%%%,0
+9%212%%132%%,0
+9%212%%6%%%%,0
+9%212%%8%%%%,0
+9%212%4%92%%,0
+9%212%4771%%,0
+9%212%5%19%%,0
+9%212%51%%%%,0
+9%212%6419%%,0
+9%212%8165%%,0
+9%2122%721%%,0
+9%21221%59%%,0
+9%21222%84%%,0
+9%21222482%%,0
+9%21223345%%,0
+9%21226611%%,0
+9%21226751%%,0
+9%21227253%%,0
+9%21229631%%,0
+9%2123%%%3%%,0
+9%2123%164%%,0
+9%2123%571%%,0
+9%21231%%2%%,0
+9%21231332%%,0
+9%212318%2%%,0
+9%212339%4%%,0
+9%21234%92%%,0
+9%21236638%%,0
+9%21236735%%,0
+9%21238%%%%%,0
+9%212381%4%%,0
+9%21238124%%,0
+9%21238169%%,0
+9%21238185%%,0
+9%21239613%%,0
+9%2124%169%%,0
+9%2124%816%%,0
+9%212411%%%%,0
+9%212414%%%%,0
+9%212419%%%%,0
+9%21245444%%,0
+9%21247%%%%%,0
+9%21247%2%%%,0
+9%21247%88%%,0
+9%2125%495%%,0
+9%21253645%%,0
+9%21255265%%,0
+9%2126%6%%%%,0
+9%21261%%%%%,0
+9%2127%%%1%%,0
+9%2127%%1%%%,0
+9%2127%%41%%,0
+9%2127%%99%%,0
+9%2127%6%3%%,0
+9%2127%611%%,0
+9%2127%618%%,0
+9%2127%639%%,0
+9%2127%653%%,0
+9%2127%8%9%%,0
+9%2127%993%%,0
+9%2128%%18%%,0
+9%2128%5%1%%,0
+9%2128%639%%,0
+9%2128%64%%%,0
+9%21285427%%,0
+9%2129%%%%%%,0
+9%2129%%1%%%,0
+9%2129%%28%%,0
+9%2129%598%%,0
+9%2129%8%%%%,0
+9%2129%819%%,0
+9%2129%82%%%,0
+9%2129%822%%,0
+9%2129%981%%,0
+9%21292422%%,0
+9%212931%5%%,0
+9%212931%7%%,0
+9%21293148%%,0
+9%21293416%%,0
+9%21293531%%,0
+9%212939%6%%,0
+9%21293913%%,0
+9%21293921%%,0
+9%21293944%%,0
+9%21294%%3%%,0
+9%21294%%4%%,0
+9%21294%%7%%,0
+9%21294%34%%,0
+9%2129423%%%,0
+9%21294269%%,0
+9%2129444%%%,0
+9%21294449%%,0
+9%21294458%%,0
+9%212945%2%%,0
+9%212945%3%%,0
+9%212945%5%%,0
+9%212945%7%%,0
+9%2129451%%%,0
+9%21294516%%,0
+9%21294547%%,0
+9%2129455%%%,0
+9%2129457%%%,0
+9%2129459%%%,0
+9%212952%7%%,0
+9%2129526%%%,0
+9%21295267%%,0
+9%21296%77%%,0
+9%212963%8%%,0
+9%212964%1%%,0
+9%212966%%%%,0
+9%212966%1%%,0
+9%212966%3%%,0
+9%212967%7%%,0
+9%21297%21%%,0
+9%212979%6%%,0
+9%21297912%%,0
+9%21297917%%,0
+9%21297924%%,0
+9%21297999%%,0
+9%21298119%%,0
+9%212982%6%%,0
+9%212989%%%%,0
+9%21299%%3%%,0
+9%21299%%5%%,0
+9%21299%%7%%,0
+9%2129983%%%,0
+9%216%%6%3%%,0
+9%216%%685%%,0
+9%2162%%%2%%,0
+9%2162%5%8%%,0
+9%2162%6%%%%,0
+9%21621%%%%%,0
+9%21621%%1%%,0
+9%216212%6%%,0
+9%21621412%%,0
+9%21622%16%%,0
+9%21622%2%%%,0
+9%21622532%%,0
+9%21622755%%,0
+9%2162281%%%,0
+9%21622814%%,0
+9%21622818%%,0
+9%2162282%%%,0
+9%21622851%%,0
+9%216229%1%%,0
+9%21623414%%,0
+9%21624%%%%%,0
+9%21624%%1%%,0
+9%21624%%2%%,0
+9%21624%%3%%,0
+9%21624%%7%%,0
+9%21624%1%%%,0
+9%2162565%%%,0
+9%21625661%%,0
+9%216425%%%%,0
+9%2165%441%%,0
+9%2165%728%%,0
+9%21654252%%,0
+9%21654555%%,0
+9%2165472%%%,0
+9%21654728%%,0
+9%2165541%%%,0
+9%21655763%%,0
+9%21657%%8%%,0
+9%21661331%%,0
+9%2166325%%%,0
+9%2167%62%%%,0
+9%2167%648%%,0
+9%2167%654%%,0
+9%2167%93%%%,0
+9%216886%3%%,0
+9%2169%%2%%%,0
+9%21691213%%,0
+9%216922%2%%,0
+9%2169691%%%,0
+9%216988%2%%,0
+9%2242436%%%,0
+9%2243%5%8%%,0
+9%232%55%2%%,0
+9%232%55%5%%,0
+9%232%55%8%%,0
+9%232%75%2%%,0
+9%232242%%%%,0
+9%23224212%%,0
+9%23224267%%,0
+9%23224272%%,0
+9%232287%%%%,0
+9%2323%%%6%%,0
+9%2323263%%%,0
+9%23233%%%%%,0
+9%232335%%%%,0
+9%23233512%%,0
+9%23233556%%,0
+9%23233558%%,0
+9%232352%9%%,0
+9%232355%%%%,0
+9%232355%6%%,0
+9%2324%%%%%%,0
+9%2324%%%2%%,0
+9%2324%%%8%%,0
+9%232455%%%%,0
+9%232455%1%%,0
+9%232455%2%%,0
+9%232455%5%%,0
+9%232455%8%%,0
+9%23245511%%,0
+9%232475%1%%,0
+9%23248%%2%%,0
+9%2324844%%%,0
+9%23252%41%%,0
+9%2329%%19%%,0
+9%242212%3%%,0
+9%242255%2%%,0
+9%2422555%%%,0
+9%242323%2%%,0
+9%2424%3%%%%,0
+9%242955%%%%,0
+9%26224255%%,0
+9%262988%3%%,0
+9%2662255%%%,0
+9%26623811%%,0
+9%27222%%%%%,0
+9%2862%711%%,0
+9%2862%717%%,0
+9%28821319%%,0
+9%3%2666%4%%,0
+9%3%29%%2%%%,0
+9%3%292%%8%%,0
+9%3%296928%%,0
+9%3%2979%2%%,0
+9%31%9%%19%%,0
+9%312%%%%%%%,0
+9%312%2422%%,0
+9%3125181%%%,0
+9%3125242%%%,0
+9%31252421%%,0
+9%31252423%%,0
+9%31255246%%,0
+9%3129%%21%%,0
+9%32223%12%%,0
+9%32234211%%,0
+9%322999%4%%,0
+9%3523%5%7%%,0
+9%35299918%%,0
+9%39265%%%%%,0
+9%4%821419%%,0
+9%44411%%,0
+9%44424%%,0
+9%44481%%,0
+9%45621519%%,0
+9%5%%%1843%%,0
+9%5%%%88%5%%,0
+9%5%%21%57%%,0
+9%5%1%%837%%,0
+9%5%1%2792%%,0
+9%5%11%827%%,0
+9%5%133116%%,0
+9%5%16%%76%%,0
+9%5%255%7%%%,0
+9%5%26%186%%,0
+9%5%285%52%%,0
+9%5%285337%%,0
+9%5%2859%5%%,0
+9%5%285932%%,0
+9%5%288752%%,0
+9%5%3%2%53%%,0
+9%5%449515%%,0
+9%5%457968%%,0
+9%5%4945%4%%,0
+9%5%57%452%%,0
+9%5%59595%%%,0
+9%5%597%67%%,0
+9%5%641%4%%%,0
+9%5%641%41%%,0
+9%5%724694%%,0
+9%5%798549%%,0
+9%5%861%%%%%,0
+9%5%882926%%,0
+9%5%883%%6%%,0
+9%5%9%6%%5%%,0
+9%5%939892%%,0
+9%5%951%%9%%,0
+9%53%%%816%%,0
+9%53%5%376%%,0
+9%53%63%76%%,0
+9%531%3%75%%,0
+9%531%91%9%%,0
+9%531512%8%%,0
+9%53163%75%%,0
+9%53189189%%,0
+9%53213%46%%,0
+9%53244%49%%,0
+9%532757%1%%,0
+9%533%3144%%,0
+9%5332945%%%,0
+9%533388%4%%,0
+9%533388%5%%,0
+9%53426489%%,0
+9%5345%%%6%%,0
+9%53474%43%%,0
+9%53474%44%%,0
+9%53524789%%,0
+9%53525%49%%,0
+9%53528895%%,0
+9%53566%%8%%,0
+9%53566448%%,0
+9%53597367%%,0
+9%536%1%%%%%,0
+9%536%7%%8%%,0
+9%53641%4%%%,0
+9%53641%41%%,0
+9%53695174%%,0
+9%538%%8%6%%,0
+9%538%1%%%%%,0
+9%538%555%%%,0
+9%53851811%%,0
+9%5388%%36%%,0
+9%539%%%16%%,0
+9%539%%298%%,0
+9%5391%%98%%,0
+9%5391%298%%,0
+9%53933453%%,0
+9%53977%%%%%,0
+9%53977876%%,0
+9%54%%3473%%,0
+9%54%%35%1%%,0
+9%54%%6425%%,0
+9%54%3%86%%%,0
+9%54%31%66%%,0
+9%54%43%24%%,0
+9%54%43%59%%,0
+9%54%43%73%%,0
+9%54%43%76%%,0
+9%54%43%79%%,0
+9%54%56%36%%,0
+9%54%63%53%%,0
+9%54%64%37%%,0
+9%54%67148%%,0
+9%54%74%95%%,0
+9%54%88516%%,0
+9%54%886%%%%,0
+9%54%886%1%%,0
+9%54%88611%%,0
+9%54%88617%%,0
+9%54%88618%%,0
+9%54%88619%%,0
+9%54%8863%%%,0
+9%54%887%%%%,0
+9%54%887%1%%,0
+9%54%887%6%%,0
+9%54%887%9%%,0
+9%54%88719%%,0
+9%54126476%%,0
+9%54165%34%%,0
+9%54177115%%,0
+9%542%%679%%,0
+9%542%9281%%,0
+9%54236988%%,0
+9%5425%83%%%,0
+9%5425%93%%%,0
+9%542542%%%%,0
+9%54254577%%,0
+9%54254944%%,0
+9%54263225%%,0
+9%54285%%9%%,0
+9%54286%34%%,0
+9%54287463%%,0
+9%54288327%%,0
+9%542884%2%%,0
+9%543%5794%%,0
+9%5432%6%3%%,0
+9%54341468%%,0
+9%54343%45%%,0
+9%54357487%%,0
+9%54358756%%,0
+9%543642%5%%,0
+9%544%%1%6%%,0
+9%5442%364%%,0
+9%54438918%%,0
+9%5444526%%%,0
+9%54469895%%,0
+9%545%5426%%,0
+9%54545%47%%,0
+9%546%521%%%,0
+9%5464%%21%%,0
+9%54656%43%%,0
+9%54691685%%,0
+9%5488%125%%,0
+9%5488%526%%,0
+9%54882863%%,0
+9%54883%19%%,0
+9%54883%43%%,0
+9%54883%76%%,0
+9%548835%8%%,0
+9%54883959%%,0
+9%54884%16%%,0
+9%54884%18%%,0
+9%548843%1%%,0
+9%54884482%%,0
+9%548867%2%%,0
+9%549%411%%%,0
+9%54924156%%,0
+9%54932467%%,0
+9%5494%%2%%%,0
+9%54952195%%,0
+9%54953%%8%%,0
+9%5495654%%%,0
+9%54957%%4%%,0
+9%5495984%%%,0
+9%5496%549%%,0
+9%549627%2%%,0
+9%549698%2%%,0
+9%54971%25%%,0
+9%54974247%%,0
+9%5498%%88%%,0
+9%5498%637%%,0
+9%5498%89%%%,0
+9%54983%85%%,0
+9%5498332%%%,0
+9%54983893%%,0
+9%55%%%%16%%,0
+9%55%%%586%%,0
+9%55%%1868%%,0
+9%55%41679%%,0
+9%552%%669%%,0
+9%552%2%62%%,0
+9%552%22%1%%,0
+9%552%2211%%,0
+9%552%2392%%,0
+9%552%2394%%,0
+9%552%252%%%,0
+9%552%2537%%,0
+9%552%9%64%%,0
+9%552%9887%%,0
+9%55262%78%%,0
+9%55262%79%%,0
+9%5527%985%%,0
+9%5529%58%%%,0
+9%552915%1%%,0
+9%55291581%%,0
+9%55449%58%%,0
+9%555%8198%%,0
+9%555%8226%%,0
+9%55519558%%,0
+9%6%1%554%%,0
+9%8%%%6%%6%%,0
+9%8%%%6%%9%%,0
+9%8%%%6261%%,0
+9%8%%%861%%%,0
+9%8%%22228%%,0
+9%8%%26%%8%%,0
+9%8%%27%%3%%,0
+9%8%%274%3%%,0
+9%8%%4662%%%,0
+9%8%%473%9%%,0
+9%8%%48%%1%%,0
+9%8%%48%3%%%,0
+9%8%%48%62%%,0
+9%8%%48411%%,0
+9%8%%48412%%,0
+9%8%%48413%%,0
+9%8%%48417%%,0
+9%8%%711%3%%,0
+9%8%%7243%%%,0
+9%85%%2284%%,0
+9%85%%7%%%%%,0
+9%85%%8%11%%,0
+9%85%%8%12%%,0
+9%85%%8%61%%,0
+9%85%%8%66%%,0
+9%85%%991%%%,0
+9%85%2%%%3%%,0
+9%85%2%53%%%,0
+9%85%21524%%,0
+9%85%21529%%,0
+9%85%222%%%%,0
+9%85%22219%%,0
+9%85%24%%4%%,0
+9%85%24%97%%,0
+9%85%24185%%,0
+9%85%25%%9%%,0
+9%85%27%%3%%,0
+9%85%274%1%%,0
+9%85%274%3%%,0
+9%85%36%11%%,0
+9%85%39%%%%%,0
+9%85%39%6%%%,0
+9%85%4%3%8%%,0
+9%85%4%318%%,0
+9%85%41%18%%,0
+9%85%434%7%%,0
+9%85%455%8%%,0
+9%85%46666%%,0
+9%85%473%3%%,0
+9%85%473%5%%,0
+9%85%473%8%%,0
+9%85%48%%%%%,0
+9%85%48%%9%%,0
+9%85%48%4%%%,0
+9%85%48%47%%,0
+9%85%48%87%%,0
+9%85%48%95%%,0
+9%85%48%96%%,0
+9%85%484%3%%,0
+9%85%484%5%%,0
+9%85%484%7%%,0
+9%85%484%9%%,0
+9%85%4841%%%,0
+9%85%48411%%,0
+9%85%48412%%,0
+9%85%48413%%,0
+9%85%48416%%,0
+9%85%48417%%,0
+9%85%48419%%,0
+9%85%49%%5%%,0
+9%85%5%%%8%%,0
+9%85%5%247%%,0
+9%85%53225%%,0
+9%85%5324%%%,0
+9%85%55717%%,0
+9%85%56%%9%%,0
+9%85%586%%%%,0
+9%85%586%1%%,0
+9%85%595%3%%,0
+9%85%595%6%%,0
+9%85%7%%%2%%,0
+9%85%7112%%%,0
+9%85%7551%%%,0
+9%85%7599%%%,0
+9%85%8%%53%%,0
+90%%%%%517%%,0
+90%%%%%518%%,0
+90%%%%1%15%%,0
+90%%%%4%1%%%,0
+90%%%%4040%%,0
+90%%%%5%%,0
+90%%%%5506%%,0
+90%%%%5551%%,0
+90%%%%6%8%%%,0
+90%%%%8804%%,0
+90%%%0%%%,0
+90%%%08189%%,0
+90%%%0819%%%,0
+90%%%082%9%%,0
+90%%%08229%%,0
+90%%%08231%%,0
+90%%%08767%%,0
+90%%%3%%%,0
+90%%%3%33%%%,0
+90%%%38%69%%,0
+90%%%38693%%,0
+90%%%45500%%,0
+90%%%45505%%,0
+90%%%45508%%,0
+90%%%470%0%%,0
+90%%%51%%,0
+90%%%7063%%%,0
+90%%%75%%,0
+90%%%826%1%%,0
+90%%%9%%08%%,0
+90%%%9%006%%,0
+90%%%9%905%%,0
+90%%%93006%%,0
+90%%%94448%%,0
+90%%%963%8%%,0
+90%%%96404%%,0
+90%%%9660%%%,0
+90%%%97%72%%,0
+90%%%99%%%%%,0
+90%%%99007%%,0
+90%%%99901%%,0
+90%%%99914%%,0
+90%%0%3303%%,0
+90%%027%1%%%,0
+90%%04%007%%,0
+90%%04%047%%,0
+90%%04%413%%,0
+90%%04%414%%,0
+90%%049016%%,0
+90%%049017%%,0
+90%%09%141%%,0
+90%%090020%%,0
+90%%2%%200%%,0
+90%%2%0%91%%,0
+90%%2%26%8%%,0
+90%%201498%%,0
+90%%20167%%%,0
+90%%202006%%,0
+90%%2021%9%%,0
+90%%22%9%8%%,0
+90%%238%90%%,0
+90%%239873%%,0
+90%%239939%%,0
+90%%24%663%%,0
+90%%24%830%%,0
+90%%240624%%,0
+90%%2478%1%%,0
+90%%247830%%,0
+90%%261908%%,0
+90%%26662%%%,0
+90%%268906%%,0
+90%%281088%%,0
+90%%299945%%,0
+90%%306808%%,0
+90%%31747%%%,0
+90%%337016%%,0
+90%%34999%%%,0
+90%%38218%%%,0
+90%%4%73%9%%,0
+90%%45%%14%%,0
+90%%494%04%%,0
+90%%6%%%09%%,0
+90%%6%%503%%,0
+90%%6%%508%%,0
+90%%6%1816%%,0
+90%%6%3703%%,0
+90%%6%40%0%%,0
+90%%6%4005%%,0
+90%%6%4008%%,0
+90%%6%8600%%,0
+90%%6410%9%%,0
+90%%641041%%,0
+90%%646987%%,0
+90%%6507%7%%,0
+90%%6547%8%%,0
+90%%670655%%,0
+90%%670994%%,0
+90%%6999%7%%,0
+90%%69995%%%,0
+90%%8%%%%0%%,0
+90%%88312%%%,0
+90%%9%3193%%,0
+90%%969893%%,0
+90%%9833%8%%,0
+90%01%2134%%,0
+90%01%3142%%,0
+90%01%4042%%,0
+90%0102974%%,0
+90%0114214%%,0
+90%013%120%%,0
+90%0149081%%,0
+90%0171273%%,0
+90%018%3%8%%,0
+90%0798%49%%,0
+90%1%%%057%%,0
+90%1%%%4%%%%,0
+90%1%%%5%%%%,0
+90%1%%%755%%,0
+90%1%%0608%%,0
+90%1%%1%%%%%,0
+90%1%%1%00%%,0
+90%1%%1%54%%,0
+90%1%%1055%%,0
+90%1%%1111%%,0
+90%1%%1951%%,0
+90%1%%4010%%,0
+90%1%%409%%%,0
+90%1%%75%%%%,0
+90%1%%8161%%,0
+90%1%3%09%%%,0
+90%1%3180%%%,0
+90%1%33904%%,0
+90%1%3409%%%,0
+90%1%34500%%,0
+90%1%34504%%,0
+90%1%38161%%,0
+90%1%40%88%%,0
+90%1%40305%%,0
+90%1%40307%%,0
+90%1%40308%%,0
+90%1%40317%%,0
+90%1%447%6%%,0
+90%1%46663%%,0
+90%1%5%400%%,0
+90%1%54%5%%%,0
+90%1%6%0%4%%,0
+90%1%6130%%%,0
+90%1%65000%%,0
+90%1%690%4%%,0
+90%1%70%%%%%,0
+90%1%70504%%,0
+90%1%706%5%%,0
+90%1%70646%%,0
+90%1%8%40%%%,0
+90%1%8050%%%,0
+90%1%80503%%,0
+90%1%9%%%5%%,0
+90%1%9%%01%%,0
+90%1%9%%53%%,0
+90%1%9%00%%%,0
+90%1%9%40%%%,0
+90%1%9%410%%,0
+90%1%9%585%%,0
+90%1%9%598%%,0
+90%1%9%903%%,0
+90%1%9%904%%,0
+90%1%90019%%,0
+90%1%9055%%%,0
+90%1%90719%%,0
+90%1%908%5%%,0
+90%1%90806%%,0
+90%1%90991%%,0
+90%1%91%%4%%,0
+90%1%9300%%%,0
+90%1%93008%%,0
+90%1%931%9%%,0
+90%1%93194%%,0
+90%1%93530%%,0
+90%1%93539%%,0
+90%1%93609%%,0
+90%1%939%9%%,0
+90%1%93900%%,0
+90%1%93901%%,0
+90%1%9395%%%,0
+90%1%94%%0%%,0
+90%1%94%15%%,0
+90%1%94%6%%%,0
+90%1%94%69%%,0
+90%1%944%%%%,0
+90%1%9450%%%,0
+90%1%9454%%%,0
+90%1%94554%%,0
+90%1%94588%%,0
+90%1%9459%%%,0
+90%1%94599%%,0
+90%1%95%0%%%,0
+90%1%96%0%%%,0
+90%1%96319%%,0
+90%1%96368%%,0
+90%1%9640%%%,0
+90%1%96403%%,0
+90%1%96601%%,0
+90%1%96603%%,0
+90%1%96605%%,0
+90%1%96606%%,0
+90%1%96610%%,0
+90%1%97%%0%%,0
+90%1%975%%%%,0
+90%1%97500%%,0
+90%1%97507%%,0
+90%1%97963%%,0
+90%1%98119%%,0
+90%1%9860%%%,0
+90%1%98807%%,0
+90%1%99003%%,0
+90%1%99007%%,0
+90%1%9911%%%,0
+90%1%99116%%,0
+90%1%99503%%,0
+90%1%99509%%,0
+90%1%999%1%%,0
+90%1%9995%%%,0
+90%12%1108%%,0
+90%12%8902%%,0
+90%12251%8%%,0
+90%1252422%%,0
+90%1255249%%,0
+90%126890%%%,0
+90%1268904%%,0
+90%129%961%%,0
+90%1290%%2%%,0
+90%1290012%%,0
+90%1290558%%,0
+90%1296%07%%,0
+90%1296600%%,0
+90%1296601%%,0
+90%1297%0%%%,0
+90%16%%%55%%,0
+90%16%%003%%,0
+90%16%%010%%,0
+90%16%%505%%,0
+90%16%%53%%%,0
+90%16%%6%6%%,0
+90%16%%75%%%,0
+90%16%%755%%,0
+90%16%%811%%,0
+90%16%%95%%%,0
+90%16%1%01%%,0
+90%16%1%09%%,0
+90%16%3709%%,0
+90%16%4%%%%%,0
+90%16%4000%%,0
+90%16%4001%%,0
+90%16%4003%%,0
+90%16%4004%%,0
+90%16%4005%%,0
+90%16%4007%%,0
+90%16%4008%%,0
+90%16%4010%%,0
+90%16%5019%%,0
+90%16%5105%%,0
+90%16%5659%%,0
+90%16%6%9%%%,0
+90%16%6640%%,0
+90%16%6660%%,0
+90%16%6668%%,0
+90%1633505%%,0
+90%164%%%%%%,0
+90%16419%9%%,0
+90%165%0%8%%,0
+90%165%7%8%%,0
+90%1654%%8%%,0
+90%1654%5%%%,0
+90%16547%%%%,0
+90%1664%68%%,0
+90%16706%5%%,0
+90%1670636%%,0
+90%1670647%%,0
+90%167065%%%,0
+90%1688603%%,0
+90%169%%03%%,0
+90%1691%%%%%,0
+90%1693983%%,0
+90%1696909%%,0
+90%1696994%%,0
+90%169880%%%,0
+90%1699509%%,0
+90%1699913%%,0
+90%22422%8%%,0
+90%3%%%%09%%,0
+90%3%%%109%%,0
+90%3%%%448%%,0
+90%3%%0376%%,0
+90%3%%5500%%,0
+90%3%%5508%%,0
+90%3%%8700%%,0
+90%3%2%048%%,0
+90%3%3%630%%,0
+90%3%3%633%%,0
+90%3%30707%%,0
+90%3%335%9%%,0
+90%3%3351%%%,0
+90%3%33514%%,0
+90%3%33518%%,0
+90%3%3550%%%,0
+90%3%35506%%,0
+90%3%4%%0%%%,0
+90%3%4%%08%%,0
+90%3%4%406%%,0
+90%3%41039%%,0
+90%3%41040%%,0
+90%3%4550%%%,0
+90%3%45500%%,0
+90%3%45505%%,0
+90%3%45508%%,0
+90%3%45514%%,0
+90%3%5%001%%,0
+90%3%5%007%%,0
+90%3%5%03%%%,0
+90%3%66%%7%%,0
+90%3%66447%%,0
+90%3%66448%%,0
+90%3%90019%%,0
+90%3%97366%%,0
+90%3%99959%%,0
+90%3043191%%,0
+90%3093141%%,0
+90%31034%3%%,0
+90%3146931%%,0
+90%3146941%%,0
+90%3163074%%,0
+90%327%7%%%%,0
+90%327%710%%,0
+90%333%%0%%%,0
+90%3338808%%,0
+90%3383142%%,0
+90%34264%9%%,0
+90%3426467%%,0
+90%3426468%%,0
+90%3426469%%,0
+90%3426470%%,0
+90%3426489%%,0
+90%3474043%%,0
+90%3494%04%%,0
+90%36%10%1%%,0
+90%36%1039%%,0
+90%3641039%%,0
+90%3641040%%,0
+90%369%262%%,0
+90%3736036%%,0
+90%376%640%%,0
+90%38%1%%8%%,0
+90%3861000%%,0
+90%38636%8%%,0
+90%389%944%%,0
+90%39%%8%3%%,0
+90%39%670%%%,0
+90%392163%%%,0
+90%393%%06%%,0
+90%39334%3%%,0
+90%39334%4%%,0
+90%3977000%%,0
+90%3988422%%,0
+90%4%%%%%6%%,0
+90%4%%%5%%%%,0
+90%4%%1008%%,0
+90%4%%3%90%%,0
+90%4%%440%%%,0
+90%4%%6191%%,0
+90%4%22031%%,0
+90%4%3102%%%,0
+90%4%43930%%,0
+90%4%4862%%%,0
+90%4%73089%%,0
+90%4%8%%63%%,0
+90%4%8%202%%,0
+90%4%86749%%,0
+90%4%873%0%%,0
+90%4%88%80%%,0
+90%41%%0%1%%,0
+90%41%0194%%,0
+90%4120739%%,0
+90%4131037%%,0
+90%4137909%%,0
+90%4161026%%,0
+90%4176018%%,0
+90%42%602%%%,0
+90%42%8%27%%,0
+90%4228%49%%,0
+90%428%010%%,0
+90%428%017%%,0
+90%428%03%%%,0
+90%428%408%%,0
+90%428%602%%,0
+90%428%606%%,0
+90%428%703%%,0
+90%4288%%%%%,0
+90%4288%0%%%,0
+90%4288%22%%,0
+90%42886%%%%,0
+90%42886%2%%,0
+90%42886%3%%,0
+90%42886%6%%,0
+90%42886%8%%,0
+90%42886%9%%,0
+90%4288620%%,0
+90%4288622%%,0
+90%4288624%%,0
+90%4288626%%,0
+90%4288627%%,0
+90%4288628%%,0
+90%4288629%%,0
+90%4288630%%,0
+90%42887%%%%,0
+90%42887%0%%,0
+90%42887%6%%,0
+90%42887%7%%,0
+90%42887%8%%,0
+90%428870%%%,0
+90%4288702%%,0
+90%4288703%%,0
+90%4288704%%,0
+90%4288709%%,0
+90%428872%%%,0
+90%4288724%%,0
+90%434639%%%,0
+90%43760%1%%,0
+90%4384076%%,0
+90%4420%86%%,0
+90%443%6%2%%,0
+90%4438903%%,0
+90%44406%%%%,0
+90%4466003%%,0
+90%488%046%%,0
+90%488%1%1%%,0
+90%488%272%%,0
+90%488%292%%,0
+90%488%793%%,0
+90%4882792%%,0
+90%4882909%%,0
+90%4883%90%%,0
+90%48840%9%%,0
+90%4884173%%,0
+90%4884291%%,0
+90%488447%%%,0
+90%4884926%%,0
+90%4886%43%%,0
+90%4886%46%%,0
+90%4886390%%,0
+90%49%%687%%,0
+90%49%3%43%%,0
+90%49%3137%%,0
+90%49%3167%%,0
+90%49%3190%%,0
+90%49%430%%%,0
+90%4968269%%,0
+90%4969060%%,0
+90%4969803%%,0
+90%498186%%%,0
+90%4982601%%,0
+90%498340%%%,0
+90%4983893%%,0
+90%4984%%7%%,0
+90%498430%%%,0
+90%50%%%11%%,0
+90%50%%%13%%,0
+90%50%%03%%%,0
+90%50%5511%%,0
+90%50%7313%%,0
+90%50%901%%%,0
+90%50%9016%%,0
+90%502%401%%,0
+90%5022206%%,0
+90%50241%0%%,0
+90%5024174%%,0
+90%5027%03%%,0
+90%5027403%%,0
+90%50275%7%%,0
+90%5027513%%,0
+90%5027517%%,0
+90%5030375%%,0
+90%503055%%%,0
+90%5039064%%,0
+90%504%0%0%%,0
+90%504%0%5%%,0
+90%504%0%9%%,0
+90%504%000%%,0
+90%504%005%%,0
+90%504%006%%,0
+90%504%007%%,0
+90%504%009%%,0
+90%504%050%%,0
+90%504%074%%,0
+90%504%095%%,0
+90%504%096%%,0
+90%504%3%6%%,0
+90%504%311%%,0
+90%504%4%3%%,0
+90%504%406%%,0
+90%504%413%%,0
+90%504%415%%,0
+90%504%555%%,0
+90%5047%01%%,0
+90%5047%19%%,0
+90%5047105%%,0
+90%504730%%%,0
+90%5047305%%,0
+90%5047311%%,0
+90%5049016%%,0
+90%505%%03%%,0
+90%505%600%%,0
+90%5052021%%,0
+90%5052054%%,0
+90%5053%36%%,0
+90%50532%4%%,0
+90%505321%%%,0
+90%5053220%%,0
+90%5053265%%,0
+90%5053302%%,0
+90%505332%%%,0
+90%5053329%%,0
+90%505333%%%,0
+90%505404%%%,0
+90%5055%02%%,0
+90%5056%41%%,0
+90%5056001%%,0
+90%5059504%%,0
+90%5066004%%,0
+90%5066602%%,0
+90%5070139%%,0
+90%5079924%%,0
+90%50900%0%%,0
+90%50900%7%%,0
+90%5090000%%,0
+90%509001%%%,0
+90%563%09%%%,0
+90%84%%110%%,0
+902%%2%209%%,0
+902%%227%5%%,0
+902%%22754%%,0
+902%%22755%%,0
+902%%229%2%%,0
+902%%240%0%%,0
+902%%24003%%,0
+902%%3%890%%,0
+902%%385%3%%,0
+902%%54728%%,0
+902%%70%%3%%,0
+902%%93998%%,0
+902%%97%0%%%,0
+902%2%%511%%,0
+902%2%%512%%,0
+902%2%%514%%,0
+902%2%%515%%,0
+902%2%%517%%,0
+902%2%%904%%,0
+902%2%%964%%,0
+902%2%06%0%%,0
+902%2%0650%%,0
+902%2%0709%%,0
+902%2%1010%%,0
+902%2%2%06%%,0
+902%2%5500%%,0
+902%2%5505%%,0
+902%2%5506%%,0
+902%2%5508%%,0
+902%2%6666%%,0
+902%2%74%0%%,0
+902%22%326%%,0
+902%22%732%%,0
+902%2205%5%%,0
+902%221%01%%,0
+902%22162%%%,0
+902%22208%%%,0
+902%2242%%%%,0
+902%224255%%,0
+902%224333%%,0
+902%225%00%%,0
+902%23%332%%,0
+902%23%802%%,0
+902%233904%%,0
+902%234092%%,0
+902%234955%%,0
+902%24%%00%%,0
+902%24%%02%%,0
+902%240%02%%,0
+902%240%06%%,0
+902%240%07%%,0
+902%240%23%%,0
+902%240304%%,0
+902%242406%%,0
+902%242409%%,0
+902%2442%0%%,0
+902%245500%%,0
+902%245501%%,0
+902%245502%%,0
+902%245505%%,0
+902%245508%%,0
+902%245511%%,0
+902%245514%%,0
+902%247808%%,0
+902%252012%%,0
+902%255%%6%%,0
+902%26399%%%,0
+902%265453%%,0
+902%270%28%%,0
+902%27000%%%,0
+902%27004%%%,0
+902%27050%%%,0
+902%2706%%%%,0
+902%27063%%%,0
+902%270636%%,0
+902%270690%%,0
+902%280%%0%%,0
+902%280603%%,0
+902%2822%5%%,0
+902%282205%%,0
+902%282225%%,0
+902%282403%%,0
+902%282404%%,0
+902%282409%%,0
+902%285430%%,0
+902%29%3%8%%,0
+902%29%5%0%%,0
+902%29%509%%,0
+902%29%55%%%,0
+902%29%598%%,0
+902%29%6%3%%,0
+902%29%60%%%,0
+902%29%602%%,0
+902%29%804%%,0
+902%29%906%%,0
+902%290%%9%%,0
+902%290%03%%,0
+902%290%22%%,0
+902%2900%9%%,0
+902%2907%3%%,0
+902%2907%6%%,0
+902%2908%%%%,0
+902%29080%%%,0
+902%290803%%,0
+902%290809%%,0
+902%29082%%%,0
+902%290820%%,0
+902%290823%%,0
+902%292002%%,0
+902%29220%%%,0
+902%292392%%,0
+902%292422%%,0
+902%292907%%,0
+902%292908%%,0
+902%293%%7%%,0
+902%293%42%%,0
+902%293%90%%,0
+902%293532%%,0
+902%293537%%,0
+902%293539%%,0
+902%293600%%,0
+902%293903%%,0
+902%293929%%,0
+902%293960%%,0
+902%294%20%%,0
+902%294%22%%,0
+902%29425%%%,0
+902%294259%%,0
+902%294442%%,0
+902%294456%%,0
+902%2945%2%%,0
+902%2945%6%%,0
+902%294505%%,0
+902%29452%%%,0
+902%294550%%,0
+902%294593%%,0
+902%294595%%,0
+902%294599%%,0
+902%2952%%%%,0
+902%296%00%%,0
+902%2963%9%%,0
+902%29640%%%,0
+902%296404%%,0
+902%296604%%,0
+902%296605%%,0
+902%296609%%,0
+902%296616%%,0
+902%296757%%,0
+902%297%20%%,0
+902%29752%%%,0
+902%29792%%%,0
+902%297964%%,0
+902%29797%%%,0
+902%297996%%,0
+902%298753%%,0
+902%299%%0%%,0
+902%299%%7%%,0
+902%299003%%,0
+902%299005%%,0
+902%299006%%,0
+902%299007%%,0
+902%299503%%,0
+902%299508%%,0
+902%299893%%,0
+902%299911%%,0
+902%421%15%%,0
+902%422111%%,0
+902%6%064%%%,0
+902%6%0652%%,0
+902%6%0900%%,0
+902%6%4000%%,0
+902%62%0%0%%,0
+902%62%00%%%,0
+902%62%008%%,0
+902%62%20%%%,0
+902%62%202%%,0
+902%62%203%%,0
+902%62%4%2%%,0
+902%620%08%%,0
+902%621479%%,0
+902%622120%%,0
+902%622422%%,0
+902%622500%%,0
+902%622503%%,0
+902%6227%4%%,0
+902%6229%2%%,0
+902%622954%%,0
+902%623%08%%,0
+902%6240%0%%,0
+902%62400%%%,0
+902%624009%%,0
+902%625%%9%%,0
+902%625650%%,0
+902%625653%%,0
+902%625659%%,0
+902%6266%8%%,0
+902%626607%%,0
+902%626609%%,0
+902%628600%%,0
+902%632097%%,0
+902%636394%%,0
+902%64%%44%%,0
+902%65%252%%,0
+902%65%720%%,0
+902%65%846%%,0
+902%650442%%,0
+902%654%28%%,0
+902%654252%%,0
+902%654720%%,0
+902%654728%%,0
+902%66%33%%%,0
+902%663063%%,0
+902%666%38%%,0
+902%6706%3%%,0
+902%68860%%%,0
+902%69%995%%,0
+902%690020%%,0
+902%690804%%,0
+902%693995%%,0
+902%696904%%,0
+902%6988%9%%,0
+902%69950%%%,0
+902%826%8%%%,0
+9021%%1%%1%%,0
+9021%%1331%%,0
+9021%%41%%%%,0
+9021%%4728%%,0
+9021%%81%4%%,0
+9021%%8134%%,0
+9021%%9%12%%,0
+9021%2%%05%%,0
+9021%2%%07%%,0
+9021%2%002%%,0
+9021%2%005%%,0
+9021%2%221%%,0
+9021%212%4%%,0
+9021%21209%%,0
+9021%21254%%,0
+9021%22599%%,0
+9021%227%%%%,0
+9021%2271%%%,0
+9021%22711%%,0
+9021%2275%%%,0
+9021%22759%%,0
+9021%22820%%,0
+9021%229%7%%,0
+9021%2294%%%,0
+9021%2295%%%,0
+9021%22980%%,0
+9021%23402%%,0
+9021%23703%%,0
+9021%2400%%%,0
+9021%24000%%,0
+9021%24001%%,0
+9021%24003%%,0
+9021%24004%%,0
+9021%24007%%,0
+9021%24008%%,0
+9021%24010%%,0
+9021%25%57%%,0
+9021%25113%%,0
+9021%3%%78%%,0
+9021%418%7%%,0
+9021%44907%%,0
+9021%5%728%%,0
+9021%5472%%%,0
+9021%54728%%,0
+9021%55%%0%%,0
+9021%70%%2%%,0
+9021%70%3%%%,0
+9021%70%37%%,0
+9021%70%39%%,0
+9021%70%41%%,0
+9021%70%42%%,0
+9021%9%907%%,0
+9021%9%912%%,0
+9021%9%914%%,0
+9021%9%952%%,0
+9021%90%03%%,0
+9021%90902%%,0
+9021%98802%%,0
+9021%99501%%,0
+9021%9994%%%,0
+90212%%218%%,0
+90212%%904%%,0
+90212%0%%3%%,0
+90212%0106%%,0
+90212%0109%%,0
+90212%02%2%%,0
+90212%0399%%,0
+90212%0409%%,0
+90212%0503%%,0
+90212%060%%%,0
+90212%0622%%,0
+90212%069%%%,0
+90212%1%02%%,0
+90212%1000%%,0
+90212%11%%%%,0
+90212%1802%%,0
+90212%1900%%,0
+90212%2%20%%,0
+90212%2%5%%%,0
+90212%2169%%,0
+90212%2420%%,0
+90212%244%%%,0
+90212%2443%%,0
+90212%5009%%,0
+90212%8164%%,0
+90212%817%%%,0
+90212%8220%%,0
+902122%%19%%,0
+902122%52%%%,0
+90212210%1%%,0
+9021221111%%,0
+9021222052%%,0
+9021222194%%,0
+90212225%5%%,0
+9021222544%%,0
+90212241%9%%,0
+9021224180%%,0
+90212244%%%%,0
+9021227%99%%,0
+9021227537%%,0
+9021227564%%,0
+902123%092%%,0
+902123%60%%%,0
+9021231%02%%,0
+9021231802%%,0
+90212336%%%%,0
+90212337%%%%,0
+9021233766%%,0
+9021233904%%,0
+9021233926%%,0
+90212381%%%%,0
+90212381%4%%,0
+902123816%%%,0
+9021238173%%,0
+9021240123%%,0
+9021240169%%,0
+9021240352%%,0
+9021241900%%,0
+9021244210%%,0
+9021245009%%,0
+9021246%%%%%,0
+9021246%90%%,0
+902125%500%%,0
+9021261000%%,0
+90212654%0%%,0
+9021265600%%,0
+9021267961%%,0
+9021270%0%%%,0
+9021270%04%%,0
+9021270%10%%,0
+9021270001%%,0
+902127001%%%,0
+9021270021%%,0
+90212702%2%%,0
+9021270409%%,0
+902127050%%%,0
+9021270577%%,0
+90212706%3%%,0
+90212706%7%%,0
+9021270601%%,0
+9021270610%%,0
+902127062%%%,0
+902127069%%%,0
+9021270701%%,0
+902128%300%%,0
+9021280%07%%,0
+9021280509%%,0
+9021282%2%%%,0
+9021282286%%,0
+9021282287%%,0
+9021282402%%,0
+9021282404%%,0
+9021282408%%,0
+902128242%%%,0
+9021282426%%,0
+9021282448%%,0
+90212852%2%%,0
+9021287300%%,0
+902128812%%%,0
+9021288173%%,0
+902129%%%%%%,0
+902129%%%0%%,0
+902129%%%6%%,0
+902129%%0%%%,0
+902129%%00%%,0
+902129%%01%%,0
+902129%%03%%,0
+902129%%04%%,0
+902129%%05%%,0
+902129%%06%%,0
+902129%%07%%,0
+902129%%47%%,0
+902129%%5%%%,0
+902129%%9%%%,0
+902129%006%%,0
+902129%197%%,0
+902129%2%3%%,0
+902129%25%%%,0
+902129%258%%,0
+902129%33%%%,0
+902129%333%%,0
+902129%400%%,0
+902129%401%%,0
+902129%406%%,0
+902129%5%9%%,0
+902129%51%%%,0
+902129%520%%,0
+902129%58%%%,0
+902129%585%%,0
+902129%595%%,0
+902129%596%%,0
+902129%60%%%,0
+902129%600%%,0
+902129%915%%,0
+902129%922%%,0
+902129%960%%,0
+902129%969%%,0
+9021290%02%%,0
+9021290%03%%,0
+9021290%11%%,0
+9021290%13%%,0
+9021290%2%%%,0
+9021290010%%,0
+9021290700%%,0
+9021290703%%,0
+9021290706%%,0
+9021290809%%,0
+9021290811%%,0
+9021290819%%,0
+902129082%%%,0
+9021290823%%,0
+9021290829%%,0
+902129091%%%,0
+9021291212%%,0
+902129180%%%,0
+9021291804%%,0
+902129190%%%,0
+9021291904%%,0
+9021292%22%%,0
+9021292003%%,0
+9021292005%%,0
+90212924%0%%,0
+9021292422%%,0
+9021292429%%,0
+9021292520%%,0
+9021292908%%,0
+9021292909%%,0
+9021293%30%%,0
+9021293%36%%,0
+902129318%%%,0
+9021293193%%,0
+9021293194%%,0
+9021293197%%,0
+9021293530%%,0
+9021293531%%,0
+9021293532%%,0
+902129360%%%,0
+9021293901%%,0
+9021293952%%,0
+9021293977%%,0
+9021294%%0%%,0
+9021294%%1%%,0
+9021294%%4%%,0
+9021294%%6%%,0
+9021294%06%%,0
+9021294%09%%,0
+9021294%14%%,0
+9021294%18%%,0
+9021294%27%%,0
+9021294%36%%,0
+9021294%77%%,0
+9021294%93%%,0
+9021294%98%%,0
+90212942%4%%,0
+90212942%5%%,0
+9021294229%%,0
+9021294285%%,0
+90212944%%%%,0
+902129445%%%,0
+9021294455%%,0
+90212945%2%%,0
+90212945%4%%,0
+9021294500%%,0
+9021294508%%,0
+9021294515%%,0
+902129452%%%,0
+902129453%%%,0
+9021294544%%,0
+9021294571%%,0
+9021294584%%,0
+9021294595%%,0
+9021294596%%,0
+9021294597%%,0
+9021294598%%,0
+9021294599%%,0
+9021296%00%%,0
+9021296%02%%,0
+9021296%19%%,0
+9021296%67%%,0
+9021296319%%,0
+902129633%%%,0
+902129635%%%,0
+9021296388%%,0
+9021296406%%,0
+902129660%%%,0
+9021296600%%,0
+9021296601%%,0
+9021296602%%,0
+9021296604%%,0
+9021296606%%,0
+9021296607%%,0
+9021296608%%,0
+9021296617%%,0
+902129670%%%,0
+9021297%02%%,0
+9021297%20%%,0
+9021297%22%%,0
+9021297507%%,0
+9021297520%%,0
+9021297912%%,0
+902129799%%%,0
+9021297996%%,0
+9021298%0%%%,0
+9021298%01%%,0
+9021298110%%,0
+9021298119%%,0
+90212982%%%%,0
+9021298602%%,0
+9021298606%%,0
+90212987%3%%,0
+9021299%04%%,0
+9021299000%%,0
+9021299001%%,0
+9021299003%%,0
+9021299119%%,0
+9021299509%%,0
+9021299957%%,0
+90216%%%63%%,0
+90216%%2%2%%,0
+90216%%37%%%,0
+90216%%60%%%,0
+90216%0%%4%%,0
+90216%06%4%%,0
+90216%0616%%,0
+90216%064%%%,0
+90216%0642%%,0
+90216%1%%1%%,0
+90216%11%%%%,0
+90216%4%28%%,0
+90216%42%2%%,0
+90216%472%%%,0
+90216%4720%%,0
+90216%895%%%,0
+902162%00%%%,0
+902162%000%%,0
+902162%001%%,0
+902162%008%%,0
+902162%010%%,0
+902162%6%6%%,0
+902162%600%%,0
+9021621%01%%,0
+9021621%02%%,0
+9021621%12%%,0
+9021621002%%,0
+9021621006%%,0
+90216212%4%%,0
+902162120%%%,0
+9021621200%%,0
+9021621203%%,0
+9021621204%%,0
+9021621206%%,0
+9021621209%%,0
+902162125%%%,0
+9021621412%%,0
+9021621702%%,0
+902162172%%%,0
+9021622%%6%%,0
+9021622%08%%,0
+9021622%09%%,0
+9021622%1%%%,0
+9021622%54%%,0
+90216227%%%%,0
+902162271%%%,0
+9021622811%%,0
+9021622817%%,0
+9021622819%%,0
+9021622820%%,0
+90216229%6%%,0
+9021623%03%%,0
+9021623%08%%,0
+9021623405%%,0
+902162400%%%,0
+9021624000%%,0
+9021624001%%,0
+9021624003%%,0
+9021624005%%,0
+9021624007%%,0
+9021624010%%,0
+9021625102%%,0
+9021625103%%,0
+9021625105%%,0
+9021625113%%,0
+9021625115%%,0
+9021625117%%,0
+9021625650%%,0
+9021625655%%,0
+9021626605%%,0
+9021626663%%,0
+9021631%3%%%,0
+9021645675%%,0
+902165%252%%,0
+902165%728%%,0
+9021651533%%,0
+9021654252%%,0
+902165472%%%,0
+9021654728%%,0
+9021659900%%,0
+902166%%9%%%,0
+902166%13%%%,0
+9021660630%%,0
+9021661331%%,0
+9021669610%%,0
+90216706%%%%,0
+90216706%6%%,0
+9021670611%%,0
+9021670616%%,0
+9021670637%%,0
+9021670644%%,0
+9021670905%%,0
+902167094%%%,0
+902168860%%%,0
+902169%%02%%,0
+902169%%03%%,0
+902169%9%9%%,0
+9021690%03%%,0
+9021690808%%,0
+9021690918%%,0
+9021690993%%,0
+9021691213%%,0
+90216939%1%%,0
+9021693904%%,0
+902169398%%%,0
+902169690%%%,0
+9021696900%%,0
+902169691%%%,0
+9021696912%%,0
+9021696914%%,0
+9021696932%%,0
+9021696990%%,0
+902169880%%%,0
+9021698802%%,0
+9021699%01%%,0
+9021699501%%,0
+9021699502%%,0
+9021699903%%,0
+9021699996%%,0
+9021699998%%,0
+9022%%%1%%%%,0
+9022%265%5%%,0
+9022%99925%%,0
+9022427%4%%%,0
+9022454302%%,0
+9022490806%%,0
+9022490906%%,0
+90226%09%6%%,0
+9022899916%%,0
+90232%%%00%%,0
+90232%%%02%%,0
+90232%%%08%%,0
+90232%2%0%%%,0
+90232%2%08%%,0
+90232%2001%%,0
+90232%5500%%,0
+90232%5501%%,0
+90232%5502%%,0
+90232%5505%%,0
+90232%5508%%,0
+90232%551%%%,0
+90232%6321%%,0
+902322%216%%,0
+9023221%23%%,0
+9023221623%%,0
+902322404%%%,0
+9023224046%%,0
+90232242%2%%,0
+90232242%6%%,0
+9023230705%%,0
+90232335%3%%,0
+90232335%9%%,0
+9023233511%%,0
+9023233513%%,0
+9023233516%%,0
+9023235506%%,0
+9023237306%%,0
+902324%%0%%%,0
+902324%%02%%,0
+902324%%08%%,0
+902324%004%%,0
+9023242406%%,0
+9023245004%%,0
+90232455%4%%,0
+902324550%%%,0
+9023245501%%,0
+9023245502%%,0
+9023245505%%,0
+9023245508%%,0
+9023245511%%,0
+9023245514%%,0
+90232484%2%%,0
+9023252003%%,0
+9023252012%%,0
+9023252025%%,0
+9023257008%%,0
+9023290011%%,0
+9023293%33%%,0
+9023293533%%,0
+9023299904%%,0
+9023623156%%,0
+90242%25%%%%,0
+9024225400%%,0
+902423445%%%,0
+9024292210%%,0
+902522411%%%,0
+9025227507%%,0
+9025299911%%,0
+9025622122%%,0
+90258259%3%%,0
+902622%2%%%%,0
+90262242%%%%,0
+9027260608%%,0
+902762261%%%,0
+9028229211%%,0
+903%%%%%87%%,0
+903%%%%135%%,0
+903%%34%14%%,0
+903%%5%4%6%%,0
+903%%900%9%%,0
+903%%99917%%,0
+903%2%2426%%,0
+903%2%5009%%,0
+903%27520%%%,0
+903%29%%%7%%,0
+903%297500%%,0
+903%8999%6%%,0
+9031%%7353%%,0
+9031%%8905%%,0
+9031%40103%%,0
+9031%5%4%5%%,0
+9031%5%80%%%,0
+9031%51%1%%%,0
+9031%51810%%,0
+9031%51816%%,0
+9031%55%%5%%,0
+9031%55%%8%%,0
+9031%9%%13%%,0
+9031%90019%%,0
+9031%9050%%%,0
+9031%90506%%,0
+9031%9055%%%,0
+9031%909%8%%,0
+9031%93901%%,0
+9031%9997%%%,0
+90312%%200%%,0
+90312%%901%%,0
+90312%181%%%,0
+90312%1818%%,0
+90312%242%%%,0
+90312%2420%%,0
+9031251%10%%,0
+9031251%11%%,0
+9031251817%%,0
+9031252%22%%,0
+90312666%2%%,0
+903129%0%%%%,0
+903129%07%%%,0
+903129%808%%,0
+9031290011%%,0
+9031290012%%,0
+9031293901%%,0
+9031293926%%,0
+9031295503%%,0
+9031296000%%,0
+9031299972%%,0
+9031821111%%,0
+903222%007%%,0
+90322342%4%%,0
+90322342%9%%,0
+9032242255%%,0
+903229110%%%,0
+90322999%6%%,0
+9032299904%%,0
+9032881116%%,0
+90332326%%%%,0
+9033232616%%,0
+9033232617%%,0
+903382111%%%,0
+9034290915%%,0
+9035%2%7%5%%,0
+903542%%%5%%,0
+90362%3011%%,0
+90364%1715%%,0
+903649991%%%,0
+9037%%1916%%,0
+90370%2%1%%%,0
+904%2214%2%%,0
+904%221428%%,0
+904%499919%%,0
+90444%%%%,0
+904440%%%,0
+904442%%%,0
+9044432%%,0
+904446%%%,0
+9044481%%,0
+9044496%%,0
+904542%%%9%%,0
+905%%%%%0%%%,0
+905%%%%6%8%%,0
+905%%%%996%%,0
+905%%%2%61%%,0
+905%%%52%5%%,0
+905%%%8804%%,0
+905%%%8805%%,0
+905%%%8808%%,0
+905%%0%28%%%,0
+905%%15795%%,0
+905%%19894%%,0
+905%%3%900%%,0
+905%%38916%%,0
+905%%39%51%%,0
+905%%39635%%,0
+905%%52%1%%%,0
+905%%5608%%%,0
+905%%6%998%%,0
+905%%73583%%,0
+905%%78926%%,0
+905%%82681%%,0
+905%%850%7%%,0
+905%%85053%%,0
+905%%85607%%,0
+905%%87%16%%,0
+905%%96286%%,0
+905%071105%%,0
+905%1%%072%%,0
+905%1%0208%%,0
+905%1%10%1%%,0
+905%122079%%,0
+905%133025%%,0
+905%142718%%,0
+905%145099%%,0
+905%146941%%,0
+905%16%07%%%,0
+905%160335%%,0
+905%180%16%%,0
+905%18919%%%,0
+905%189201%%,0
+905%19%012%%,0
+905%2%0911%%,0
+905%2%5%15%%,0
+905%2%50%1%%,0
+905%2%5009%%,0
+905%22%067%%,0
+905%220%65%%,0
+905%222%28%%,0
+905%2285%2%%,0
+905%23%882%%,0
+905%235366%%,0
+905%250122%%,0
+905%2511%2%%,0
+905%28%588%%,0
+905%2850%6%%,0
+905%285009%%,0
+905%288%88%%,0
+905%288508%%,0
+905%288522%%,0
+905%2886%%%%,0
+905%2886%2%%,0
+905%2886%3%%,0
+905%2886%6%%,0
+905%2886%8%%,0
+905%2886%9%%,0
+905%28862%%%,0
+905%288620%%,0
+905%288622%%,0
+905%288623%%,0
+905%288625%%,0
+905%288626%%,0
+905%288629%%,0
+905%2887%%%%,0
+905%2887%0%%,0
+905%28870%%%,0
+905%288702%%,0
+905%288703%%,0
+905%288705%%,0
+905%288706%%,0
+905%288709%%,0
+905%288720%%,0
+905%36%033%%,0
+905%4%4041%%,0
+905%426489%%,0
+905%450%%6%%,0
+905%450206%%,0
+905%464%29%%,0
+905%464728%%,0
+905%474041%%,0
+905%474042%%,0
+905%5%%448%%,0
+905%5%0113%%,0
+905%5%30%8%%,0
+905%523325%%,0
+905%525035%%,0
+905%529028%%,0
+905%53207%%%,0
+905%566%%8%%,0
+905%56644%%%,0
+905%595181%%,0
+905%597%%%%%,0
+905%597%66%%,0
+905%597%67%%,0
+905%597%7%%%,0
+905%6%10%0%%,0
+905%6410%8%%,0
+905%6410%9%%,0
+905%641040%%,0
+905%641041%%,0
+905%66%2%5%%,0
+905%682637%%,0
+905%861000%%,0
+905%88%%%5%%,0
+905%88%%75%%,0
+905%88%0%2%%,0
+905%88%0%9%%,0
+905%88%015%%,0
+905%88%290%%,0
+905%88%292%%,0
+905%88%58%%%,0
+905%88%712%%,0
+905%88%83%%%,0
+905%882792%%,0
+905%882836%%,0
+905%882852%%,0
+905%882853%%,0
+905%883526%%,0
+905%883939%%,0
+905%8850%5%%,0
+905%886%2%%%,0
+905%88610%%%,0
+905%886269%%,0
+905%887292%%,0
+905%8879%6%%,0
+905%8979%%%%,0
+905%9%%%50%%,0
+905%9%%446%%,0
+905%9%8788%%,0
+905%9%9002%%,0
+905%930852%%,0
+905%939090%%,0
+905%94%01%%%,0
+905%953%92%%,0
+905%956%01%%,0
+905%956694%%,0
+905%95670%%%,0
+905%959792%%,0
+905%96%7%%%%,0
+905%9698%3%%,0
+905%977000%%,0
+905%977717%%,0
+905%97787%%%,0
+905%979126%%,0
+905%98%%%7%%,0
+905%980%13%%,0
+905%98027%%%,0
+905%983%05%%,0
+9050%%%640%%,0
+9050%%0745%%,0
+9050%%8950%%,0
+9050%%99%7%%,0
+9050%0%552%%,0
+9050%24%94%%,0
+9050%36456%%,0
+9050%40%70%%,0
+9050%49780%%,0
+9050%5%467%%,0
+9050%85045%%,0
+90501%%893%%,0
+90501%3579%%,0
+90501%7597%%,0
+905010%341%%,0
+9050101%46%%,0
+9050103%99%%,0
+9050110559%%,0
+9050113528%%,0
+9050115079%%,0
+9050118511%%,0
+9050119436%%,0
+905013%%27%%,0
+9050132380%%,0
+9050137351%%,0
+9050139%53%%,0
+9050150209%%,0
+90501529%3%%,0
+9050153%16%%,0
+9050154391%%,0
+905016%%05%%,0
+9050165190%%,0
+9050167457%%,0
+9050169871%%,0
+905017%450%%,0
+9050171%76%%,0
+90501741%7%%,0
+9050176%3%%%,0
+905018%934%%,0
+90507018%3%%,0
+9053%%%0%1%%,0
+9053%%%038%%,0
+9053%%3083%%,0
+9053%%5565%%,0
+9053%26%66%%,0
+9053%26%70%%,0
+9053%26260%%,0
+9053%36435%%,0
+9053%4%04%%%,0
+9053%41039%%,0
+9053%41040%%,0
+9053%50377%%,0
+9053%50976%%,0
+9053%55318%%,0
+9053%59%7%%%,0
+9053%6307%%%,0
+9053%63075%%,0
+9053%7%0%%%%,0
+9053%7%038%%,0
+9053%7%738%%,0
+9053%7%743%%,0
+9053%7%745%%,0
+9053%89%0%%%,0
+9053%9%50%%%,0
+9053%9%503%%,0
+9053%9%505%%,0
+9053%9515%%%,0
+90530%%189%%,0
+9053044%89%%,0
+9053093%4%%%,0
+90530931%1%%,0
+9053093141%%,0
+90531%3073%%,0
+90531%3075%%,0
+90531%6938%%,0
+9053101%%1%%,0
+9053122107%%,0
+905313%492%%,0
+9053136068%%,0
+905314%937%%,0
+9053145099%%,0
+9053146939%%,0
+905316307%%%,0
+90532%%%75%%,0
+90532%%91%%%,0
+90532%3045%%,0
+90532%3525%%,0
+90532%55%6%%,0
+9053211103%%,0
+905322033%%%,0
+9053228094%%,0
+90532399%9%%,0
+905326%%29%%,0
+90533%0304%%,0
+90533%55%4%%,0
+9053303%44%%,0
+90533052%8%%,0
+9053308643%%,0
+905331%341%%,0
+9053315771%%,0
+905333%%0%%%,0
+905333%%04%%,0
+905333%%05%%,0
+905333880%%%,0
+9053338804%%,0
+9053338805%%,0
+9053338808%%,0
+9053339329%%,0
+9053396%75%%,0
+90534%6469%%,0
+9053426469%%,0
+9053426470%%,0
+9053449537%%,0
+9053450%06%%,0
+9053450415%%,0
+9053450977%%,0
+9053450983%%,0
+9053474042%%,0
+9053474043%%,0
+9053494503%%,0
+9053494504%%,0
+9053494505%%,0
+90535%%%%7%%,0
+90535%%448%%,0
+9053521832%%,0
+9053524%89%%,0
+90535250%8%%,0
+9053525000%%,0
+905352504%%%,0
+9053525048%%,0
+9053566%%8%%,0
+905356644%%%,0
+9053566448%%,0
+905359%366%%,0
+9053594%64%%,0
+90535973%7%%,0
+9053597366%%,0
+9053597367%%,0
+90536%%0%%%%,0
+90536%%038%%,0
+90536%10%0%%,0
+90536%10%1%%,0
+90536%1038%%,0
+90536%1039%%,0
+90536%6%44%%,0
+9053634%44%%,0
+905364%038%%,0
+905364%039%%,0
+905364%04%%%,0
+905364%040%%,0
+9053641039%%,0
+9053641040%%,0
+9053641041%%,0
+9053676745%%,0
+9053695%74%%,0
+9053695161%%,0
+9053695259%%,0
+9053695261%%,0
+90537%%%13%%,0
+905373%03%%%,0
+9053744%05%%,0
+90538%1000%%,0
+9053805557%%,0
+90538081%1%%,0
+9053809566%%,0
+9053831329%%,0
+905386%000%%,0
+9053861000%%,0
+90538979%%%%,0
+90539%%%50%%,0
+90539%0%98%%,0
+90539%0298%%,0
+90539%1339%%,0
+90539%1341%%,0
+90539105%%%%,0
+90539105%6%%,0
+905391054%%%,0
+9053921341%%,0
+905393%508%%,0
+9053933%%7%%,0
+9053933%53%%,0
+9053933359%%,0
+9053933454%%,0
+9053955%78%%,0
+9053955170%%,0
+9053959745%%,0
+9053959791%%,0
+9053977000%%,0
+9053977750%%,0
+9053977757%%,0
+905397787%%%,0
+9053977872%%,0
+9053988%23%%,0
+9054%%%%%4%%,0
+9054%%%04%%%,0
+9054%%%166%%,0
+9054%%0497%%,0
+9054%%201%%%,0
+9054%%2141%%,0
+9054%%2909%%,0
+9054%%2927%%,0
+9054%%3043%%,0
+9054%%3590%%,0
+9054%%4%9%%%,0
+9054%%40%4%%,0
+9054%%4109%%,0
+9054%%4301%%,0
+9054%%4475%%,0
+9054%%5%41%%,0
+9054%%53%%%%,0
+9054%%63%6%%,0
+9054%%635%%%,0
+9054%%6401%%,0
+9054%%6540%%,0
+9054%%7006%%,0
+9054%%7932%%,0
+9054%23039%%,0
+9054%3%048%%,0
+9054%33%85%%,0
+9054%35549%%,0
+9054%4%1%3%%,0
+9054%43114%%,0
+9054%45030%%,0
+9054%45120%%,0
+9054%490%5%%,0
+9054%49002%%,0
+9054%5%%54%%,0
+9054%5020%%%,0
+9054%53000%%,0
+9054%54050%%,0
+9054%6405%%%,0
+9054%65%97%%,0
+9054%85008%%,0
+9054%85031%%,0
+9054%8830%%%,0
+9054%88319%%,0
+9054%885%5%%,0
+9054%886%%%%,0
+9054%886%5%%,0
+9054%886%6%%,0
+9054%886%7%%,0
+9054%886%9%%,0
+9054%887%%%%,0
+9054%887%0%%,0
+9054%887%4%%,0
+9054%88706%%,0
+90541%50%9%%,0
+90541%70%7%%,0
+90541202%0%%,0
+9054121028%%,0
+9054124%97%%,0
+9054125%24%%,0
+9054125023%%,0
+905414%039%%,0
+9054154066%%,0
+90541546%1%%,0
+9054177331%%,0
+9054195012%%,0
+90542%%256%%,0
+90542%%5%3%%,0
+90542%%506%%,0
+90542%%6%%%%,0
+90542%%6%2%%,0
+90542%%6%4%%,0
+90542%%6%6%%,0
+90542%%6%7%%,0
+90542%%60%%%,0
+90542%%609%%,0
+90542%%62%%%,0
+90542%%620%%,0
+90542%%622%%,0
+90542%%624%%,0
+90542%%625%%,0
+90542%%626%%,0
+90542%%627%%,0
+90542%%630%%,0
+90542%%7%%%%,0
+90542%%7%0%%,0
+90542%%7%5%%,0
+90542%%7%9%%,0
+90542%%70%%%,0
+90542%%702%%,0
+90542%%703%%,0
+90542%%704%%,0
+90542%%705%%,0
+90542%%706%%,0
+90542%%707%%,0
+90542%%709%%,0
+90542%%710%%,0
+90542%%72%%%,0
+90542%%722%%,0
+90542%%724%%,0
+90542%50%2%%,0
+90542%5225%%,0
+90542%5273%%,0
+90542%7393%%,0
+90542%7917%%,0
+905422%045%%,0
+9054222088%%,0
+9054225%76%%,0
+9054226002%%,0
+90542292%5%%,0
+905423%048%%,0
+905423%312%%,0
+905423%512%%,0
+90542330%4%%,0
+9054233355%%,0
+905424%453%%,0
+9054242039%%,0
+90542452%%%%,0
+9054246%42%%,0
+905425%110%%,0
+905425%426%%,0
+9054251015%%,0
+9054262049%%,0
+9054269856%%,0
+905427%818%%,0
+905428%23%%%,0
+905428%428%%,0
+9054285045%%,0
+9054285047%%,0
+9054285054%%,0
+9054285225%%,0
+9054288%%%%%,0
+9054288%%0%%,0
+9054288%%2%%,0
+9054288%%3%%,0
+9054288%%5%%,0
+9054288%%7%%,0
+9054288%%8%%,0
+9054288%%9%%,0
+9054288%0%%%,0
+9054288%01%%,0
+9054288%02%%,0
+9054288%03%%,0
+9054288%05%%,0
+9054288%06%%,0
+9054288%08%%,0
+9054288%09%%,0
+9054288%2%%%,0
+9054288%20%%,0
+9054288%23%%,0
+9054288%25%%,0
+9054288%27%%,0
+9054288%28%%,0
+9054288%29%%,0
+90542885%4%%,0
+90542885%5%%,0
+90542885%8%%,0
+905428850%%%,0
+9054288508%%,0
+9054288520%%,0
+9054288522%%,0
+90542886%%%%,0
+90542886%0%%,0
+90542886%2%%,0
+90542886%3%%,0
+90542886%4%%,0
+90542886%6%%,0
+90542886%8%%,0
+90542886%9%%,0
+9054288608%%,0
+9054288609%%,0
+905428862%%%,0
+9054288620%%,0
+9054288622%%,0
+9054288624%%,0
+9054288625%%,0
+9054288626%%,0
+9054288628%%,0
+9054288629%%,0
+9054288630%%,0
+90542887%%%%,0
+90542887%0%%,0
+90542887%3%%,0
+90542887%4%%,0
+90542887%5%%,0
+90542887%7%%,0
+90542887%8%%,0
+90542887%9%%,0
+905428870%%%,0
+9054288702%%,0
+9054288704%%,0
+9054288705%%,0
+9054288708%%,0
+9054288709%%,0
+905428872%%%,0
+9054288720%%,0
+9054288722%%,0
+9054288723%%,0
+90543%%035%%,0
+905432%21%%%,0
+9054321130%%,0
+9054332031%%,0
+9054344032%%,0
+9054346%13%%,0
+905434600%%%,0
+905435%028%%,0
+9054355%14%%,0
+9054358%56%%,0
+9054365044%%,0
+9054365045%%,0
+905438%042%%,0
+90544%0577%%,0
+90544%6649%%,0
+9054420143%%,0
+905443%902%%,0
+9054438918%%,0
+9054439%9%%%,0
+9054449%40%%,0
+905445%969%%,0
+90545%%064%%,0
+90545%%074%%,0
+90545%10%4%%,0
+90545%4074%%,0
+90545%5474%%,0
+90545%9854%%,0
+9054524038%%,0
+90545254%2%%,0
+9054528020%%,0
+9054538%94%%,0
+905454%004%%,0
+9054541375%%,0
+9054547189%%,0
+9054584835%%,0
+9054585464%%,0
+9054645046%%,0
+9054649%49%%,0
+9054651425%%,0
+905468936%%%,0
+905488%%84%%,0
+905488%%9%%%,0
+905488%020%%,0
+905488%046%%,0
+905488%38%%%,0
+905488%8%8%%,0
+905488%860%%,0
+905488%9%4%%,0
+9054882%91%%,0
+90548828%3%%,0
+905488285%%%,0
+9054883043%%,0
+90548834%9%%,0
+905488404%%%,0
+9054884404%%,0
+9054884450%%,0
+9054884475%%,0
+90548849%3%%,0
+9054885%06%%,0
+9054885791%%,0
+9054886%80%%,0
+9054886%85%%,0
+9054887085%%,0
+905488789%%%,0
+90548879%6%%,0
+90549%%45%%%,0
+90549%0100%%,0
+90549%1023%%,0
+90549%3%%4%%,0
+90549%3405%%,0
+90549%4%%7%%,0
+90549%9802%%,0
+90549%9843%%,0
+9054935%58%%,0
+9054936945%%,0
+905493910%%%,0
+9054945%39%%,0
+9054949008%%,0
+905495%142%%,0
+9054953%02%%,0
+9054959321%%,0
+9054969842%%,0
+905498037%%%,0
+9054984%%7%%,0
+9054984305%%,0
+9055%0%010%%,0
+9055%01530%%,0
+9055%01559%%,0
+9055%0168%%%,0
+9055%01733%%,0
+9055%30%55%%,0
+9055%39891%%,0
+9055%4%%84%%,0
+9055%7%985%%,0
+9055%8%408%%,0
+9055%90%%1%%,0
+9055%9191%%%,0
+9055%94178%%,0
+9055%94807%%,0
+90552%%726%%,0
+90552%5%20%%,0
+90552%655%%%,0
+90552%9%77%%,0
+90552%99%8%%,0
+90552%9967%%,0
+90552%9976%%,0
+905520%22%%%,0
+905520%955%%,0
+90552011%0%%,0
+9055201285%%,0
+905520155%%%,0
+9055202%22%%,0
+9055202%51%%,0
+9055202%55%%,0
+90552020%%%%,0
+90552020%0%%,0
+9055202070%%,0
+9055202114%%,0
+9055202119%%,0
+9055202214%%,0
+9055202259%%,0
+9055202294%%,0
+9055202300%%,0
+9055202301%%,0
+9055202323%%,0
+905520240%%%,0
+9055202415%%,0
+9055202446%%,0
+905520245%%%,0
+9055202589%%,0
+9055239088%%,0
+9055239883%%,0
+90552399%3%%,0
+9055239963%%,0
+9055239984%%,0
+9055252%55%%,0
+905527%985%%,0
+9055276548%%,0
+9055282408%%,0
+90552854%6%%,0
+9055290%95%%,0
+9055293%33%%,0
+9055294%42%%,0
+9055294101%%,0
+9055294144%%,0
+9055294153%%,0
+9055295%92%%,0
+90553%%1%5%%,0
+90553%6937%%,0
+90553%7391%%,0
+905530%5%%%%,0
+9055301790%%,0
+9055379031%%,0
+9055391167%%,0
+905550%196%%,0
+905550%199%%,0
+905550%229%%,0
+905550%24%%%,0
+905550%249%%,0
+9055508%3%%%,0
+9055508%97%%,0
+9055508195%%,0
+90555082%9%%,0
+9055508226%%,0
+9055508229%%,0
+9055508238%%,0
+9055510%14%%,0
+9055510787%%,0
+9055575%33%%,0
+9055575406%%,0
+9055575479%%,0
+908%0%%%0%%%,0
+908%0%%22%%%,0
+908%0%%271%%,0
+908%0%2007%%,0
+908%0%2020%%,0
+908%0%2026%%,0
+908%0%3%1%%%,0
+908%0%3%13%%,0
+908%0%330%%%,0
+908%0%3303%%,0
+908%0%3312%%,0
+908%0%3319%%,0
+908%0%3321%%,0
+908%0%3324%%,0
+908%0%333%%%,0
+908%0%3333%%,0
+908%0%6242%%,0
+908%0%7311%%,0
+908%0%7403%%,0
+908%0%8%00%%,0
+908%0%8096%%,0
+908%0%860%%%,0
+908%02%181%%,0
+908%02%403%%,0
+908%021%27%%,0
+908%022180%%,0
+908%024109%%,0
+908%027%17%%,0
+908%027003%%,0
+908%02740%%%,0
+908%027403%%,0
+908%027406%%,0
+908%030%08%%,0
+908%0306%0%%,0
+908%03407%%%,0
+908%03906%%%,0
+908%04730%%%,0
+908%047307%%,0
+908%0480%2%%,0
+908%048008%%,0
+908%048009%%,0
+908%048019%%,0
+908%048023%%,0
+908%04804%%%,0
+908%048044%%,0
+908%04807%%%,0
+908%048077%%,0
+908%048081%%,0
+908%048096%%,0
+908%0484%2%%,0
+908%048408%%,0
+908%048411%%,0
+908%048412%%,0
+908%048413%%,0
+908%048417%%,0
+908%04901%%%,0
+908%062269%%,0
+908%067817%%,0
+908%067818%%,0
+908%07%%00%%,0
+908%079900%%,0
+908%079910%%,0
+908%08403%%%,0
+908%088%24%%,0
+908%08880%%%,0
+908%090000%%,0
+908%090001%%,0
+908%090014%%,0
+908%090020%%,0
+90850%%%0%%%,0
+90850%11%%%%,0
+90850%11%0%%,0
+90850%4%74%%,0
+90850%4%76%%,0
+90850%4%88%%,0
+90850%4003%%,0
+90850%5%4%%%,0
+90850%5503%%,0
+90850%7%03%%,0
+90850%7001%%,0
+90850%7305%%,0
+90850%7311%%,0
+90850%7312%%,0
+90850%7318%%,0
+90850%7401%%,0
+90850%7403%%,0
+90850%75%%%%,0
+90850%751%%%,0
+90850%7817%%,0
+90850%8%%2%%,0
+90850%8%%9%%,0
+90850%8%0%%%,0
+90850%8%10%%,0
+90850%8%12%%,0
+90850%8%13%%,0
+90850%8%19%%,0
+90850%80%%%%,0
+90850%80%2%%,0
+90850%80%7%%,0
+90850%800%%%,0
+90850%8007%%,0
+90850%803%%%,0
+90850%8050%%,0
+90850%808%%%,0
+90850%8083%%,0
+90850%8093%%,0
+90850%8099%%,0
+90850%90%6%%,0
+90850%9016%%,0
+90850%990%%%,0
+90850%9900%%,0
+90850%991%%%,0
+90850%9910%%,0
+908502%%03%%,0
+908502%%80%%,0
+908502%403%%,0
+9085021055%%,0
+9085022%05%%,0
+9085022085%%,0
+9085022218%%,0
+9085022234%%,0
+9085024%90%%,0
+9085025252%%,0
+9085025500%%,0
+9085027%0%%%,0
+9085027%03%%,0
+9085027%05%%,0
+9085027403%%,0
+90850275%7%%,0
+90850275%8%%,0
+9085027517%%,0
+9085027518%%,0
+9085027519%%,0
+9085027522%%,0
+9085030442%%,0
+908503255%%%,0
+9085034%%2%%,0
+90850390%0%%,0
+9085039060%%,0
+9085039063%%,0
+9085039065%%,0
+908504%%1%%%,0
+908504%305%%,0
+908504415%%%,0
+9085047%%%%%,0
+9085047%01%%,0
+9085047%04%%,0
+9085047%05%%,0
+9085047%10%%,0
+9085047%77%%,0
+9085047303%%,0
+9085047304%%,0
+9085047305%%,0
+90850480%%%%,0
+9085048002%%,0
+9085048005%%,0
+9085048006%%,0
+9085048007%%,0
+9085048008%%,0
+9085048009%%,0
+9085048015%%,0
+9085048016%%,0
+9085048049%%,0
+908504807%%%,0
+9085048077%%,0
+9085048089%%,0
+9085048090%%,0
+9085048095%%,0
+9085048096%%,0
+90850484%%%%,0
+90850484%2%%,0
+90850484%3%%,0
+90850484%4%%,0
+90850484%5%%,0
+90850484%7%%,0
+908504840%%%,0
+9085048401%%,0
+9085048402%%,0
+9085048409%%,0
+908504841%%%,0
+9085048413%%,0
+9085048415%%,0
+9085048416%%,0
+9085048417%%,0
+9085048418%%,0
+9085048550%%,0
+90850490%6%%,0
+9085049014%%,0
+9085049015%%,0
+9085049016%%,0
+908505%%%%%%,0
+908505%%%6%%,0
+908505%%0%%%,0
+908505%%16%%,0
+908505%%27%%,0
+908505%%65%%,0
+908505%%68%%,0
+908505%005%%,0
+908505%007%%,0
+908505%008%%,0
+908505%009%%,0
+908505%051%%,0
+908505%208%%,0
+908505%226%%,0
+908505%269%%,0
+9085052008%%,0
+9085052009%%,0
+9085052020%%,0
+9085052023%%,0
+9085052024%%,0
+9085052025%%,0
+9085052027%%,0
+9085052054%%,0
+9085053%%9%%,0
+9085053%8%%%,0
+9085053203%%,0
+9085053218%%,0
+9085053239%%,0
+9085053254%%,0
+9085053269%%,0
+90850533%0%%,0
+90850533%3%%,0
+908505330%%%,0
+9085053303%%,0
+9085053304%%,0
+9085053305%%,0
+9085053319%%,0
+9085053320%%,0
+908505333%%%,0
+9085053330%%,0
+9085053335%%,0
+9085054270%%,0
+9085055%3%%%,0
+9085055%30%%,0
+90850551%8%%,0
+9085055792%%,0
+9085056%48%%,0
+9085058%0%%%,0
+9085058%00%%,0
+9085058%08%%,0
+90850586%0%%,0
+908505860%%%,0
+9085058600%%,0
+9085058602%%,0
+9085058603%%,0
+90850591%8%%,0
+9085059146%%,0
+9085059500%%,0
+9085059504%%,0
+90850678%7%%,0
+9085067817%%,0
+9085070100%%,0
+9085070118%%,0
+90850711%0%%,0
+90850711%5%%,0
+908507111%%%,0
+9085071120%%,0
+9085071122%%,0
+9085071130%%,0
+9085073701%%,0
+9085079900%%,0
+9085079901%%,0
+9085079910%%,0
+9085079917%%,0
+908509000%%%,0
+9085090001%%,0
+9085090020%%,0
+93%213%%6%%,0
+93%213556%%,0
+96%456357%%,0
+96%456383%%,0
+961%%632%%%,0
+9614%6%24%%,0
+9614%6324%%,0
+961456%57%%,0
+961456%8%%%,0
+961456357%%,0
+961456383%%,0
+9954288%8%%%,0
1%%,0
2%%,0
2%3%151%1%%,0
2%3%15921%%,0
2%3%15931%%,0
2%361%361%%,0
24%%15921%%,0
24%61%261%%,0
243%1%%%1%%,0
243%1%2%1%%,0
243%1%941%%,0
243%15%81%%,0
243%153%1%%,0
243%154%1%%,0
243%159%1%%,0
243%15921%%,0
243%15951%%,0
243%15971%%,0
24361%461%%,0
24361%661%%,0
24361%761%%,0
243615991%%,0
3%05%7156%%,0
3%05%7162%%,0
34%%,0
38%%471%6%%,0
380%%71%3%%,0
380%%71%6%%,0
380%1%227%%,0
380%47%%3%%,0
380%47%%6%%,0
380%471%3%%,0
380%471%6%%,0
3805%%156%%,0
3805%%162%%,0
3805%7%62%%,0
3805%715%%%,0
3805%7156%%,0
3805%7162%%,0
3805471%1%%,0
38061%227%%,0
47947921%%%,0
5%%,0
51%%,0
7%%%,0
8333%%%,0
AC% KOLE%%,0
ACI KU%%,0
AD%L CEL%%,0
AHM%T IP%%,0
AHMET C%%,0
AHMET CAK%%,0
AI%D%CT%%,0
AK%U CAR%%,0
AKD%NIZ B%%,0
AME%IKNKL%%,0
AME%KNKL%%,0
AMERIKANK%%,0
ANGEL%M%M%%,0
ARNAK T%%,0
ATAB%%,0
AVANTAJGR%%,0
AVSINANOG%%,0
AYDIN OZ%%,0
B%REB%%,0
B%REV%%,0
BAKI ERS%%,0
BAN%%,0
BE%ETT%%,0
BEYDAG%%,0
BI%EY KU%%,0
BIL KU%%,0
BIT%%,0
BLU %NK%%%,0
BYE%%,0
C%%TO%%,0
CADD%%,0
CARSI% A%%,0
CAV%T A%%,0
CHP %NT%L%%,0
COZUMTS%%%,0
CRIF %L%C%%,0
CUMHURTAS%%,0
DA% YA%%,0
DEKOR YA%%,0
DENTGRO%%,0
DER%DUNYA%%,0
DESTEK%%,0
DIGI FIRS%%,0
DIYAL%%,0
DOG%LEC%%,0
DS D%M%%,0
DUYM%%,0
E DIJIT%%,0
E%%,0
E%%NEV%%,0
EFSANECAD%%,0
EGE YA%%,0
EKOP%%,0
EKREMCELE%%,0
ELIZ% MO%%,0
EN%ERESER%%,0
ENCAZ%%,0
ER%Y C%%,0
ERL%LET%S%%,0
ERSAG HA%%,0
ESTEC%%%,0
EV%N%ERNE%%,0
EVD%%,0
F%DAN HA%%,0
FENB%L%%%%,0
FENB%L%ML%%,0
FENB%LMLE%%,0
FIBERAD%%,0
FIN%NSDUN%%,0
FINAL KU%%,0
FIRSAT A%%,0
FLO%M%%,0
FMKOCA%SP%%,0
FUZUL %%,0
G%OSS M%%,0
G%RNEKOLE%%,0
GAZI KU%%,0
GELISIM L%%,0
GOKB%%,0
GURSE% ER%%,0
GUVEN TAK%%,0
GUVENCE%%,0
GUZELL%%,0
H%K%%IFIN%%,0
H%MZ% D%%,0
HADILI%%,0
HAL% FUA%%,0
HALILOZTU%%,0
HANG%KRE%%,0
HOT%%,0
HZAYSEV%%,0
I%%,0
I%K SEN %%,0
IB%-I SI%%,0
ID%%,0
IDOL%%,0
ILH%%-DUM%%,0
JU%TENGLI%%,0
KARPEFIN%%,0
KAV%AMKU%%,0
KING%%,0
KIZIL%%,0
KO%B% BAK%%,0
KO%UOKULL%%,0
KOKPITKOL%%,0
LEVEN% HA%%,0
LIBERAL%%,0
LUIS BI%%,0
M%RAS%M%%,0
M%TILL%K%%%,0
MA%ATYA B%%,0
MEDICE%%,0
MERLIN%%%%,0
MOBILDO%%,0
MONE%%,0
N%%,0
N%L%%,0
NANE%%%%,0
NATROKM%%,0
NL% GR%%,0
NONA%%,0
OLIVEMARK%%,0
ONURMARK%%,0
OYK% D%R%%,0
OZ%EM UR%%,0
OZNUR CAL%%,0
PAPA JOHN%%,0
PARANT%%,0
PARKER %%%,0
PASA DON%%,0
PAULMA%%,0
PAYDARMAR%%,0
PE%AT%ANS%%,0
Q GYM S%%,0
RAF%TZ%YB%%,0
REEL %L%C%%,0
RGN%LET%S%%,0
RUBILMARK%%,0
S%P%%MARK%%,0
SADABADOT%%,0
SALTA%ATO%%,0
SENOL H%%%%,0
SENOLH%%%%,0
SERDVNAKD%%,0
SERK%NTOP%%,0
SEVGI%%,0
SINI BOR%%,0
SUPERM%%,0
SUVA%%,0
SUW%%,0
T%ABZONT%%%,0
T%FISAC%%,0
TEKNO%%,0
TOFI%%,0
TOLGA YAG%%,0
TUGBA VE%%,0
TUR%%,0
TURAN%%,0
UCUZ-N%%,0
UGU% KU%%,0
UMRANIYEB%%,0
URAW %OZM%%,0
VAVACA%%,0
VITAMINSH%%,0
VUSL%%,0
Y%S%K%KPN%%,0
YA%OVA B%%,0
YENI%EHRG%%,0
YESILM%R%%,0
YMN D%ST%%,0
YUKSELS19%%,0
Z%LA OY%%,0
Z%RNA D%R%%,0
Z%S FOR%%,0
Z%YN%L %M%%,0
+902127053327,1
+902127065148,1
+902129220066,1
+902129220071,1
+902129220075,1
+902129220284,1
+902129220343,1
+902129220355,1
+902129220373,1
+902129220375,1
+902129220397,1
+902129220447,1
+902129220549,1
+902129220662,1
+902129220663,1
+902129220665,1
+902129220669,1
+902129220672,1
+902129220693,1
+902129220694,1
+902129220736,1
+902129220791,1
+902129220822,1
+902129220860,1
+902129220946,1
+902129221267,1
+902129221321,1
+902129221398,1
+902129221425,1
+902129221427,1
+902129221468,1
+902129221485,1
+902129221658,1
+902129221764,1
+902129222996,1
+902129223279,1
+902129224057,1
+902129224072,1
+902129224160,1
+902129224178,1
+902129224230,1
+902129224238,1
+902129224305,1
+902129452278,1
+902129452899,1
+902162030696,1
+902162050268,1
+902162050399,1
+902162662736,1
+902169902138,1
+902169902732,1
+903124040738,1
+903124040783,1
+903124520317,1
+903125616023,1
+903125616035,1
+903125616073,1
+903125680447,1
+903127030598,1
+903128900667,1
+903129118028,1
+905344511000,1
+905535386701,1
+908502700712,1
+908503010371,1
+908503010823,1
+908503099751,1
+908504300213,1
+908504300388,1
+908504301319,1
+908504301875,1
+908504304139,1
+908504304493,1
+908504304572,1
+908504304580,1
+908504304680,1
+908504304843,1
+908504305461,1
+908504306124,1
+908504306712,1
+908504306728,1
+908504306839,1
+908504306849,1
+908504430216,1
+908504431286,1
+908504432902,1
+908504801591,1
+908504801593,1
+908504840389,1
+908504840405,1
+908504840457,1
+908504840461,1
+908504840849,1
+908504840883,1
+908504841186,1
+908504841464,1
+908504841480,1
+908504841520,1
+908504841633,1
+908504841652,1
+908504841667,1
+908504841671,1
+908504841674,1
+908504841684,1
+908504841760,1
+908504841765,1
+908504841785,1
+908504841791,1
+908504841827,1
+908504841882,1
+908504841947,1
+908504841967,1
+908504842086,1
+908504842155,1
+908504842174,1
+908504842230,1
+908504842231,1
+908504842276,1
+908504842310,1
+908504842426,1
+908504842430,1
+908504842442,1
+908504842476,1
+908504842548,1
+908504842558,1
+908504842756,1
+908504842772,1
+908504842787,1
+908504842814,1
+908504842840,1
+908504842987,1
+908504843011,1
+908504843512,1
+908504843621,1
+908505120007,1
+908505120008,1
+908505120014,1
+908505120027,1
+908505120109,1
+908505120244,1
+908505120250,1
+908505120251,1
+908505120335,1
+908505120338,1
+908505120349,1
+908505120359,1
+908505120361,1
+908505120442,1
+908505120476,1
+908505120478,1
+908505120484,1
+908505120573,1
+908505120675,1
+908505120676,1
+908505120724,1
+908505120791,1
+908505120795,1
+908505120969,1
+908505120975,1
+908505600625,1
+908505602051,1
+908505602440,1
+908505602467,1
+908505602715,1
+908505602719,1
+908505602816,1
+908507710374,1
+908507710561,1
+908507710571,1
+908507710576,1
+908507711476,1
+908509010328,1
+908509010352,1
+908509010417,1
+908509010576,1
+908509010588,1
+908509010598,1
+908509010646,1
+908509010672,1
+908509010676,1
+908509010677,1
+908509010678,1
+908509010688,1
+908509010713,1
+908509010744,1
+908509010747,1
+908509010760,1
+908509010790,1
+908509010795,1
+908509010799,1
+908509010806,1
+908509010824,1
+908509010854,1
+908509010866,1
+908509010870,1
+908509010889,1
+908509010914,1
+908509010932,1
+908509010941,1
+908509010961,1
+908509449501,1
